Customer_ID,Age,Gender,Tenure_Months,Contract,Internet_Service,Online_Security,Tech_Support,Payment_Method,Monthly_Charges,Total_Charges,Churn
CUST0001,56,Male,38,One Year,DSL,Yes,Yes,Debit Card,118.16,1326.97,No
CUST0002,69,Female,53,Month-to-Month,Fiber Optic,No,Yes,UPI,117.88,367.62,Yes
CUST0003,46,Female,61,One Year,DSL,Yes,Yes,Credit Card,87.32,7919.75,No
CUST0004,32,Female,36,One Year,DSL,No,Yes,Debit Card,135.8,3909.79,No
CUST0005,60,Female,40,Month-to-Month,Fiber Optic,Yes,No,Credit Card,96.45,4619.4,Yes
CUST0006,25,Male,30,Month-to-Month,Fiber Optic,Yes,Yes,Credit Card,139.28,4965.65,No
CUST0007,38,Male,9,Month-to-Month,No,No,No,Credit Card,91.05,6338.38,Yes
CUST0008,56,Male,64,Two Year,DSL,No,No,UPI,85.78,6514.7,Yes
CUST0009,36,Female,33,Month-to-Month,Fiber Optic,Yes,No,Bank Transfer,48.91,1632.01,Yes
CUST0010,40,Male,52,One Year,DSL,No,Yes,Bank Transfer,90.82,1969.43,No
CUST0011,28,Male,14,Month-to-Month,Fiber Optic,No,No,UPI,38.28,7026.98,Yes
CUST0012,28,Female,53,Month-to-Month,Fiber Optic,No,Yes,UPI,133.06,6574.19,Yes
CUST0013,41,Female,59,Month-to-Month,Fiber Optic,Yes,No,Debit Card,107.87,4979.19,Yes
CUST0014,70,Male,41,Month-to-Month,DSL,Yes,Yes,Credit Card,149.17,7958.12,Yes
CUST0015,53,Male,68,Two Year,DSL,Yes,Yes,UPI,31.97,5907.95,No
CUST0016,57,Male,68,One Year,DSL,No,Yes,Debit Card,51.29,1805.11,No
CUST0017,41,Male,8,Month-to-Month,Fiber Optic,No,Yes,Bank Transfer,134.03,6788.49,No
CUST0018,20,Male,2,Two Year,No,Yes,No,Bank Transfer,71.38,3376.39,No
CUST0019,39,Male,41,Month-to-Month,DSL,Yes,No,Bank Transfer,80.62,385.61,No
CUST0020,70,Female,55,Two Year,Fiber Optic,No,Yes,Bank Transfer,131.88,2639.23,No
CUST0021,19,Female,16,Month-to-Month,No,No,No,Debit Card,87.84,6132.05,No
CUST0022,41,Female,62,Month-to-Month,Fiber Optic,No,Yes,Credit Card,45.15,7685.63,No
CUST0023,61,Male,48,Month-to-Month,Fiber Optic,No,Yes,Debit Card,135.96,2281.48,Yes
CUST0024,47,Female,30,Month-to-Month,Fiber Optic,Yes,No,Credit Card,24.04,2047.48,No
CUST0025,55,Male,12,Month-to-Month,DSL,No,Yes,Bank Transfer,136.4,4552.57,No
CUST0026,19,Male,35,One Year,DSL,No,Yes,UPI,26.57,6512.3,No
CUST0027,38,Female,11,Two Year,DSL,Yes,Yes,UPI,106.56,5997.55,No
CUST0028,50,Male,64,One Year,No,Yes,Yes,UPI,29.32,4523.68,Yes
CUST0029,29,Male,50,Month-to-Month,No,No,Yes,Credit Card,111.81,5087.98,Yes
CUST0030,39,Female,21,Month-to-Month,Fiber Optic,Yes,No,Bank Transfer,24.42,2012.58,Yes
CUST0031,61,Female,69,Month-to-Month,DSL,No,No,Debit Card,129.52,3517.34,Yes
CUST0032,42,Female,48,Month-to-Month,Fiber Optic,No,No,UPI,80.57,2117.39,Yes
CUST0033,66,Male,20,One Year,DSL,Yes,Yes,Credit Card,32.15,7086.9,No
CUST0034,44,Female,67,Month-to-Month,DSL,Yes,Yes,UPI,111.89,989.18,No
CUST0035,59,Female,44,Month-to-Month,Fiber Optic,No,Yes,Debit Card,83.61,5469.95,No
CUST0036,45,Male,33,Month-to-Month,No,Yes,Yes,Bank Transfer,44.82,2156.24,No
CUST0037,33,Female,61,Two Year,No,No,Yes,Debit Card,22.04,3857.06,No
CUST0038,32,Female,9,Month-to-Month,Fiber Optic,No,Yes,Bank Transfer,74.34,2465.36,No
CUST0039,64,Female,68,Month-to-Month,DSL,No,No,Bank Transfer,31.13,2653.64,No
CUST0040,68,Male,35,Month-to-Month,DSL,Yes,Yes,Bank Transfer,32.24,2157.1,Yes
CUST0041,61,Male,65,Month-to-Month,DSL,No,No,UPI,54.75,6047.06,Yes
CUST0042,69,Male,8,Month-to-Month,Fiber Optic,No,Yes,Debit Card,101.96,2989.16,Yes
CUST0043,20,Male,45,Month-to-Month,Fiber Optic,No,No,UPI,88.89,5838.22,Yes
CUST0044,54,Female,47,One Year,Fiber Optic,Yes,Yes,Debit Card,28.97,3702.95,Yes
CUST0045,68,Male,40,Month-to-Month,Fiber Optic,No,No,Credit Card,145.9,4423.24,No
CUST0046,24,Male,54,One Year,DSL,No,No,Credit Card,135.33,4391.97,No
CUST0047,38,Female,46,Two Year,DSL,No,Yes,Debit Card,53.7,7809.23,No
CUST0048,26,Female,47,One Year,Fiber Optic,Yes,Yes,Debit Card,35.9,2999.79,No
CUST0049,56,Female,15,Month-to-Month,DSL,No,No,Debit Card,142.51,1740.7,Yes
CUST0050,35,Male,19,Month-to-Month,Fiber Optic,No,Yes,Debit Card,79.95,7303.16,No
CUST0051,21,Male,26,One Year,No,Yes,Yes,Bank Transfer,60.45,1481.23,No
CUST0052,42,Male,52,One Year,Fiber Optic,Yes,Yes,UPI,83.75,6691.94,No
CUST0053,31,Female,22,Month-to-Month,DSL,No,No,Bank Transfer,120.46,1286.7,No
CUST0054,67,Female,21,One Year,DSL,No,Yes,UPI,41.89,5303.92,No
CUST0055,26,Male,51,Month-to-Month,Fiber Optic,No,No,UPI,119.77,1289.27,Yes
CUST0056,43,Female,38,Month-to-Month,Fiber Optic,Yes,No,UPI,117.43,7392.38,Yes
CUST0057,70,Female,20,Month-to-Month,Fiber Optic,Yes,Yes,Bank Transfer,90.12,4563.57,Yes
CUST0058,19,Female,29,Month-to-Month,Fiber Optic,No,No,Debit Card,132.56,2701.26,Yes
CUST0059,37,Male,51,Month-to-Month,Fiber Optic,Yes,Yes,Bank Transfer,37.18,1208.55,Yes
CUST0060,45,Female,4,One Year,Fiber Optic,No,Yes,Bank Transfer,97.41,3032.42,No
CUST0061,64,Female,55,Month-to-Month,DSL,No,No,UPI,78.41,5669.66,Yes
CUST0062,24,Male,71,Month-to-Month,Fiber Optic,Yes,No,Credit Card,74.9,3141.11,Yes
CUST0063,61,Male,28,Month-to-Month,DSL,No,No,Credit Card,52.83,2044.14,No
CUST0064,25,Female,4,Month-to-Month,DSL,Yes,No,Bank Transfer,68.4,4661.53,Yes
CUST0065,64,Female,22,Month-to-Month,Fiber Optic,Yes,No,UPI,34.06,3400.79,Yes
CUST0066,52,Male,45,One Year,Fiber Optic,No,Yes,Bank Transfer,52.71,1409.87,No
CUST0067,31,Male,67,One Year,No,Yes,No,Bank Transfer,55.36,1316.51,No
CUST0068,34,Female,66,One Year,Fiber Optic,No,Yes,Debit Card,113.69,5688.95,Yes
CUST0069,53,Female,34,One Year,No,Yes,Yes,UPI,26.31,7799.91,No
CUST0070,67,Female,55,Month-to-Month,No,No,No,Credit Card,104.66,1941.44,No
CUST0071,57,Female,1,Month-to-Month,Fiber Optic,No,No,Credit Card,48.78,6207.87,Yes
CUST0072,21,Male,72,Month-to-Month,Fiber Optic,No,No,Credit Card,30.64,792.09,No
CUST0073,19,Female,38,Month-to-Month,Fiber Optic,Yes,No,Bank Transfer,59.1,3114.45,Yes
CUST0074,23,Female,6,Two Year,No,No,No,UPI,49.18,4102.84,No
CUST0075,59,Male,25,Month-to-Month,Fiber Optic,Yes,Yes,Debit Card,91.76,2223.1,No
CUST0076,21,Female,17,Month-to-Month,DSL,Yes,Yes,Credit Card,66.46,4283.67,No
CUST0077,46,Male,61,Two Year,Fiber Optic,Yes,Yes,UPI,145.58,7072.65,No
CUST0078,35,Female,12,Two Year,DSL,Yes,No,Credit Card,145.26,7561.06,Yes
CUST0079,43,Female,6,One Year,Fiber Optic,Yes,No,Debit Card,77.68,894.4,No
CUST0080,61,Male,27,Month-to-Month,DSL,No,Yes,UPI,123.36,2247.58,Yes
CUST0081,51,Male,8,Month-to-Month,Fiber Optic,Yes,No,Bank Transfer,21.72,7835.16,Yes
CUST0082,27,Female,65,Month-to-Month,No,No,No,Bank Transfer,91.22,2236.31,Yes
CUST0083,53,Female,57,Month-to-Month,DSL,No,No,Credit Card,116.63,5572.39,No
CUST0084,31,Female,40,Month-to-Month,DSL,Yes,Yes,Credit Card,48.2,2102.28,No
CUST0085,48,Male,14,Month-to-Month,DSL,No,No,UPI,27.95,2915.29,No
CUST0086,65,Female,35,Two Year,Fiber Optic,No,Yes,Debit Card,40.27,1611.1,No
CUST0087,32,Male,48,Month-to-Month,DSL,Yes,No,Credit Card,77.44,6864.77,Yes
CUST0088,25,Male,56,One Year,DSL,No,No,UPI,85.83,7072.93,No
CUST0089,31,Female,49,One Year,DSL,Yes,Yes,Debit Card,69.52,2445.61,Yes
CUST0090,40,Male,13,Month-to-Month,Fiber Optic,Yes,No,Credit Card,77.2,6606.36,Yes
CUST0091,57,Female,61,One Year,DSL,Yes,No,Credit Card,81.13,2930.11,No
CUST0092,38,Female,49,Month-to-Month,Fiber Optic,No,No,UPI,120.03,882.25,Yes
CUST0093,33,Female,46,Month-to-Month,DSL,No,Yes,Credit Card,33.68,6088.8,No
CUST0094,62,Female,62,One Year,Fiber Optic,No,No,Bank Transfer,119.96,4811.93,Yes
CUST0095,35,Female,8,Month-to-Month,DSL,No,No,Debit Card,109.52,2267.62,Yes
CUST0096,64,Male,43,Two Year,Fiber Optic,Yes,No,Debit Card,116.42,2098.7,No
CUST0097,70,Male,20,Month-to-Month,DSL,Yes,No,Bank Transfer,115.48,7807.42,Yes
CUST0098,41,Female,39,One Year,Fiber Optic,No,No,UPI,81.18,6913.76,Yes
CUST0099,43,Female,49,Month-to-Month,No,Yes,Yes,Bank Transfer,47.48,6497.41,No
CUST0100,42,Male,64,Month-to-Month,No,No,Yes,Bank Transfer,89.76,1111.34,No
CUST0101,62,Male,62,Month-to-Month,Fiber Optic,Yes,No,Debit Card,144.54,6065.98,No
CUST0102,58,Male,54,One Year,Fiber Optic,Yes,No,UPI,96.51,1794.87,Yes
CUST0103,46,Male,9,Two Year,Fiber Optic,Yes,Yes,Credit Card,21.44,7821.37,Yes
CUST0104,32,Female,37,Two Year,Fiber Optic,Yes,No,Bank Transfer,27.76,511.5,Yes
CUST0105,62,Female,49,Month-to-Month,DSL,Yes,No,Bank Transfer,149.07,2881.89,Yes
CUST0106,18,Male,41,One Year,Fiber Optic,No,No,UPI,29.35,3486.32,Yes
CUST0107,42,Female,17,One Year,Fiber Optic,No,No,Bank Transfer,25.99,6611.2,No
CUST0108,24,Male,21,One Year,DSL,Yes,No,UPI,65.89,6153.16,No
CUST0109,26,Female,51,Month-to-Month,DSL,No,No,Credit Card,146.01,3062.44,No
CUST0110,41,Male,59,One Year,DSL,Yes,No,UPI,61.43,4567.93,No
CUST0111,18,Female,39,Two Year,Fiber Optic,Yes,No,Credit Card,73.28,6701.2,No
CUST0112,61,Male,55,Month-to-Month,DSL,Yes,Yes,UPI,102.43,243.78,No
CUST0113,25,Male,41,Two Year,DSL,Yes,Yes,Bank Transfer,23.13,6437.21,No
CUST0114,41,Female,39,One Year,DSL,No,No,Credit Card,136.71,7580.48,No
CUST0115,28,Male,13,Month-to-Month,Fiber Optic,Yes,No,Bank Transfer,87.53,353.31,Yes
CUST0116,68,Female,64,Month-to-Month,Fiber Optic,No,No,Credit Card,80.69,460.09,Yes
CUST0117,34,Female,11,Month-to-Month,DSL,Yes,No,UPI,131.89,2821.66,Yes
CUST0118,25,Male,19,Month-to-Month,DSL,Yes,Yes,UPI,143.9,793.38,No
CUST0119,52,Female,11,Two Year,DSL,No,Yes,UPI,75.05,3886.28,No
CUST0120,52,Female,46,Month-to-Month,No,Yes,Yes,Debit Card,42.42,5856.81,Yes
CUST0121,50,Female,45,Two Year,Fiber Optic,Yes,Yes,Debit Card,126.04,4578.5,No
CUST0122,22,Female,1,Two Year,Fiber Optic,No,No,Credit Card,72.42,1651.81,No
CUST0123,59,Female,40,Month-to-Month,DSL,No,No,Debit Card,141.62,5273.01,Yes
CUST0124,56,Male,19,Two Year,Fiber Optic,No,No,UPI,143.49,5510.35,No
CUST0125,58,Female,72,Two Year,Fiber Optic,Yes,Yes,Debit Card,34.93,7466.32,No
CUST0126,45,Female,72,One Year,DSL,Yes,No,Debit Card,144.35,1259.7,No
CUST0127,24,Female,61,One Year,DSL,No,No,Bank Transfer,67.88,5569.46,No
CUST0128,26,Female,12,Two Year,Fiber Optic,No,Yes,Credit Card,104.01,7300.28,No
CUST0129,25,Female,61,One Year,Fiber Optic,Yes,Yes,Credit Card,24.52,4062.36,No
CUST0130,29,Male,33,Month-to-Month,No,Yes,Yes,Credit Card,135.55,2958.22,No
CUST0131,51,Female,45,Two Year,Fiber Optic,No,Yes,Debit Card,103.41,1448.92,Yes
CUST0132,50,Male,69,One Year,Fiber Optic,No,Yes,UPI,103.66,6947.62,Yes
CUST0133,65,Male,8,One Year,DSL,No,No,Bank Transfer,137.28,3214.55,Yes
CUST0134,40,Male,25,Month-to-Month,Fiber Optic,No,No,Credit Card,86.09,7406.57,No
CUST0135,41,Male,46,One Year,Fiber Optic,Yes,Yes,Debit Card,73.37,6797.29,No
CUST0136,54,Female,30,Month-to-Month,DSL,Yes,No,UPI,132.6,3075.45,Yes
CUST0137,52,Male,47,Two Year,No,Yes,No,Bank Transfer,116.51,4633.92,Yes
CUST0138,61,Male,49,Month-to-Month,DSL,Yes,No,Bank Transfer,143.37,314.67,No
CUST0139,57,Female,47,Month-to-Month,DSL,No,No,Credit Card,142.22,2179.45,Yes
CUST0140,39,Female,18,Month-to-Month,Fiber Optic,Yes,Yes,Credit Card,69.7,5711.16,Yes
CUST0141,44,Female,66,Month-to-Month,Fiber Optic,No,No,UPI,78.11,5455.5,No
CUST0142,52,Male,68,One Year,Fiber Optic,Yes,No,Debit Card,53.28,2891.62,No
CUST0143,18,Female,33,Two Year,DSL,Yes,No,UPI,105.88,6488.0,No
CUST0144,52,Female,36,Two Year,Fiber Optic,Yes,Yes,Credit Card,67.39,1963.1,Yes
CUST0145,54,Male,19,Month-to-Month,Fiber Optic,No,No,UPI,122.19,3744.04,No
CUST0146,64,Female,28,Month-to-Month,Fiber Optic,Yes,Yes,Debit Card,35.8,3832.99,No
CUST0147,31,Female,40,Two Year,No,No,Yes,Bank Transfer,35.13,2792.45,No
CUST0148,20,Female,15,Two Year,Fiber Optic,No,Yes,Bank Transfer,46.58,7641.86,Yes
CUST0149,18,Female,41,Month-to-Month,DSL,Yes,Yes,Bank Transfer,30.96,5603.8,No
CUST0150,22,Male,39,Month-to-Month,Fiber Optic,No,No,Bank Transfer,100.6,4359.67,Yes
CUST0151,43,Female,2,Month-to-Month,DSL,Yes,Yes,Credit Card,39.16,4133.07,Yes
CUST0152,31,Female,63,Two Year,DSL,No,Yes,Credit Card,40.8,1358.44,No
CUST0153,56,Male,29,One Year,Fiber Optic,Yes,Yes,Debit Card,21.85,3040.28,No
CUST0154,44,Female,66,Month-to-Month,No,No,Yes,Debit Card,121.67,5414.91,Yes
CUST0155,26,Male,51,Month-to-Month,DSL,No,Yes,Debit Card,125.6,7404.1,Yes
CUST0156,32,Female,10,Two Year,Fiber Optic,Yes,No,Debit Card,41.06,6550.07,Yes
CUST0157,32,Male,14,Month-to-Month,DSL,Yes,Yes,UPI,116.14,2473.08,Yes
CUST0158,43,Male,51,Month-to-Month,Fiber Optic,Yes,No,Debit Card,76.36,3528.26,Yes
CUST0159,59,Male,39,One Year,Fiber Optic,Yes,No,Bank Transfer,51.15,755.05,Yes
CUST0160,30,Male,28,Month-to-Month,Fiber Optic,No,Yes,Bank Transfer,100.78,907.16,Yes
CUST0161,68,Female,3,Month-to-Month,DSL,No,No,Bank Transfer,43.2,3814.82,Yes
CUST0162,49,Male,70,Two Year,Fiber Optic,No,No,UPI,118.39,4288.73,No
CUST0163,56,Female,27,Two Year,No,No,No,Debit Card,26.19,2185.81,No
CUST0164,66,Male,2,Two Year,Fiber Optic,Yes,Yes,Bank Transfer,144.69,5177.98,Yes
CUST0165,69,Male,38,Two Year,Fiber Optic,No,Yes,Bank Transfer,29.34,5656.71,Yes
CUST0166,49,Male,3,One Year,No,Yes,Yes,Bank Transfer,95.33,2463.02,No
CUST0167,21,Female,16,Two Year,DSL,No,Yes,Bank Transfer,137.29,6091.56,Yes
CUST0168,47,Male,40,Month-to-Month,Fiber Optic,Yes,Yes,Credit Card,21.55,1724.28,No
CUST0169,54,Female,2,One Year,No,Yes,Yes,Debit Card,84.81,4399.59,No
CUST0170,40,Female,41,Two Year,DSL,Yes,Yes,Debit Card,65.5,6453.82,No
CUST0171,56,Female,12,Month-to-Month,Fiber Optic,Yes,No,UPI,95.44,4342.37,No
CUST0172,62,Female,35,Month-to-Month,DSL,Yes,No,Credit Card,49.31,7272.91,No
CUST0173,32,Female,65,Month-to-Month,Fiber Optic,No,Yes,UPI,28.44,562.16,No
CUST0174,60,Female,55,Month-to-Month,Fiber Optic,Yes,No,Bank Transfer,101.37,4747.68,Yes
CUST0175,46,Female,45,Month-to-Month,DSL,No,Yes,UPI,74.19,4537.87,No
CUST0176,53,Female,62,Two Year,Fiber Optic,No,Yes,Bank Transfer,100.92,5316.79,Yes
CUST0177,30,Female,49,Two Year,DSL,Yes,Yes,Bank Transfer,47.37,6683.91,No
CUST0178,49,Male,25,Month-to-Month,Fiber Optic,No,No,Debit Card,64.04,5834.24,No
CUST0179,24,Male,23,Month-to-Month,DSL,No,Yes,Debit Card,93.02,6343.23,Yes
CUST0180,68,Male,24,Month-to-Month,No,No,Yes,Debit Card,97.1,2381.65,Yes
CUST0181,39,Male,38,Two Year,DSL,Yes,Yes,Debit Card,68.4,3161.23,No
CUST0182,45,Male,28,Month-to-Month,No,Yes,Yes,Debit Card,56.41,5051.54,No
CUST0183,19,Female,21,Month-to-Month,Fiber Optic,Yes,No,Credit Card,55.58,4472.35,No
CUST0184,59,Female,54,Month-to-Month,DSL,Yes,Yes,Debit Card,42.71,7692.72,No
CUST0185,62,Female,18,Month-to-Month,Fiber Optic,No,No,UPI,62.3,1575.99,Yes
CUST0186,70,Female,36,Month-to-Month,Fiber Optic,No,No,Bank Transfer,45.93,2875.1,Yes
CUST0187,23,Female,45,Two Year,Fiber Optic,No,Yes,Debit Card,102.4,4624.77,No
CUST0188,45,Female,53,One Year,DSL,No,Yes,Credit Card,93.98,6956.91,No
CUST0189,45,Female,30,One Year,Fiber Optic,No,No,UPI,69.74,7441.85,No
CUST0190,61,Male,60,Month-to-Month,DSL,No,No,UPI,62.36,2754.69,Yes
CUST0191,61,Male,32,One Year,DSL,Yes,No,Bank Transfer,50.89,630.16,No
CUST0192,37,Male,67,One Year,Fiber Optic,No,No,UPI,89.61,3430.8,No
CUST0193,47,Male,67,Month-to-Month,DSL,No,Yes,UPI,139.46,3215.32,No
CUST0194,28,Female,28,One Year,DSL,No,No,UPI,109.14,7893.25,Yes
CUST0195,45,Female,44,Month-to-Month,DSL,Yes,No,UPI,116.77,3505.38,Yes
CUST0196,42,Female,41,Two Year,DSL,No,No,Credit Card,128.47,2515.21,No
CUST0197,56,Male,63,Month-to-Month,DSL,No,No,Bank Transfer,65.71,2986.48,No
CUST0198,50,Female,23,Two Year,No,Yes,Yes,Debit Card,28.17,3235.72,No
CUST0199,18,Female,48,Month-to-Month,DSL,No,Yes,UPI,100.93,6590.17,No
CUST0200,44,Female,32,One Year,Fiber Optic,Yes,Yes,Credit Card,44.53,740.02,Yes
CUST0201,69,Male,57,One Year,DSL,Yes,No,Bank Transfer,93.98,2600.41,Yes
CUST0202,30,Female,33,One Year,No,No,No,Debit Card,116.14,7733.92,No
CUST0203,58,Male,24,Month-to-Month,DSL,No,Yes,Bank Transfer,121.87,1309.51,Yes
CUST0204,20,Male,39,Month-to-Month,No,Yes,Yes,Credit Card,59.24,5966.55,Yes
CUST0205,56,Male,34,One Year,Fiber Optic,No,No,Credit Card,86.62,2915.51,No
CUST0206,23,Male,56,Month-to-Month,DSL,No,Yes,Credit Card,100.73,4696.11,Yes
CUST0207,25,Female,28,Month-to-Month,No,Yes,No,UPI,126.53,886.43,Yes
CUST0208,44,Male,37,One Year,Fiber Optic,Yes,No,Credit Card,118.98,2520.65,No
CUST0209,26,Male,7,Month-to-Month,DSL,No,No,Debit Card,148.44,4056.83,Yes
CUST0210,54,Female,68,Month-to-Month,Fiber Optic,Yes,No,UPI,21.05,1930.44,Yes
CUST0211,50,Female,37,Month-to-Month,No,No,No,Bank Transfer,76.87,4380.77,No
CUST0212,68,Male,56,Month-to-Month,Fiber Optic,No,No,Debit Card,53.29,1836.1,No
CUST0213,59,Female,65,One Year,DSL,No,Yes,UPI,35.59,5235.79,No
CUST0214,61,Male,65,One Year,Fiber Optic,No,Yes,Credit Card,138.5,7244.4,No
CUST0215,41,Male,47,Two Year,Fiber Optic,Yes,Yes,Bank Transfer,149.74,775.36,No
CUST0216,32,Male,20,Two Year,No,No,No,Credit Card,43.48,1811.27,Yes
CUST0217,49,Male,19,Month-to-Month,Fiber Optic,Yes,Yes,Debit Card,25.0,6770.94,No
CUST0218,49,Female,29,Month-to-Month,DSL,No,No,Debit Card,55.76,5089.27,No
CUST0219,41,Male,60,Month-to-Month,No,No,No,UPI,128.53,721.8,Yes
CUST0220,58,Female,18,Month-to-Month,DSL,Yes,No,Debit Card,58.21,3942.17,Yes
CUST0221,69,Female,35,Two Year,DSL,No,No,Bank Transfer,27.4,1757.09,No
CUST0222,66,Female,43,Month-to-Month,Fiber Optic,Yes,Yes,UPI,26.82,1672.86,No
CUST0223,66,Female,11,Month-to-Month,Fiber Optic,Yes,Yes,Bank Transfer,75.56,7531.1,Yes
CUST0224,69,Male,49,Month-to-Month,DSL,No,Yes,Credit Card,141.14,6116.18,Yes
CUST0225,29,Female,38,One Year,Fiber Optic,No,No,Bank Transfer,57.17,5600.22,Yes
CUST0226,56,Male,64,One Year,Fiber Optic,No,Yes,Bank Transfer,75.53,1987.54,No
CUST0227,19,Female,69,Month-to-Month,Fiber Optic,No,Yes,Debit Card,33.25,1036.73,Yes
CUST0228,20,Female,8,Two Year,Fiber Optic,Yes,Yes,Credit Card,84.16,6979.58,Yes
CUST0229,66,Male,34,Month-to-Month,Fiber Optic,No,No,Debit Card,110.55,146.45,Yes
CUST0230,54,Male,48,Month-to-Month,DSL,No,Yes,Credit Card,55.25,3165.96,Yes
CUST0231,66,Male,56,Two Year,DSL,No,No,Credit Card,58.57,2293.14,No
CUST0232,34,Female,65,Month-to-Month,No,No,Yes,Bank Transfer,129.46,4605.97,No
CUST0233,66,Female,31,Two Year,DSL,No,No,Debit Card,21.35,2079.02,No
CUST0234,19,Male,4,Two Year,Fiber Optic,Yes,Yes,Bank Transfer,102.74,2558.52,Yes
CUST0235,19,Male,50,One Year,Fiber Optic,No,Yes,Bank Transfer,71.21,6815.31,No
CUST0236,45,Male,69,One Year,Fiber Optic,Yes,Yes,Bank Transfer,58.79,4865.19,No
CUST0237,40,Male,30,Month-to-Month,DSL,No,No,Credit Card,105.49,1250.89,Yes
CUST0238,54,Female,59,Two Year,Fiber Optic,No,Yes,Debit Card,128.51,5839.13,No
CUST0239,49,Male,67,Month-to-Month,Fiber Optic,No,Yes,Debit Card,92.59,1738.93,No
CUST0240,50,Male,45,One Year,No,Yes,No,Bank Transfer,24.04,3520.74,Yes
CUST0241,18,Male,4,Two Year,DSL,No,No,Credit Card,79.98,5208.2,Yes
CUST0242,36,Male,26,Two Year,Fiber Optic,Yes,No,Debit Card,80.16,2248.24,Yes
CUST0243,19,Female,27,Two Year,Fiber Optic,Yes,No,UPI,90.69,3134.44,Yes
CUST0244,70,Male,46,Month-to-Month,Fiber Optic,No,Yes,Debit Card,107.22,5899.78,No
CUST0245,61,Female,64,Two Year,Fiber Optic,Yes,Yes,Bank Transfer,22.51,7509.5,Yes
CUST0246,43,Male,51,One Year,DSL,No,No,UPI,85.26,4281.04,No
CUST0247,49,Male,50,Two Year,DSL,No,Yes,Credit Card,96.48,178.77,Yes
CUST0248,23,Female,6,One Year,Fiber Optic,Yes,No,UPI,64.64,2773.86,Yes
CUST0249,49,Male,59,Month-to-Month,Fiber Optic,No,Yes,UPI,106.89,3249.21,No
CUST0250,21,Female,15,Month-to-Month,Fiber Optic,No,No,Bank Transfer,49.66,2779.47,Yes
CUST0251,28,Female,30,One Year,DSL,Yes,Yes,Debit Card,61.26,3546.52,No
CUST0252,34,Male,42,One Year,DSL,Yes,No,Credit Card,145.16,5098.06,Yes
CUST0253,55,Female,37,Month-to-Month,DSL,Yes,No,UPI,65.25,1056.91,Yes
CUST0254,41,Female,42,One Year,DSL,Yes,Yes,Bank Transfer,65.05,2253.78,No
CUST0255,22,Female,35,Month-to-Month,Fiber Optic,Yes,Yes,Debit Card,97.44,4110.42,No
CUST0256,69,Female,6,Two Year,No,Yes,Yes,UPI,146.23,2593.03,No
CUST0257,51,Female,68,Month-to-Month,DSL,No,No,Bank Transfer,147.8,7929.57,Yes
CUST0258,23,Female,18,Month-to-Month,DSL,Yes,Yes,Bank Transfer,95.36,3508.31,No
CUST0259,39,Female,29,Month-to-Month,DSL,Yes,No,Bank Transfer,20.14,6971.41,Yes
CUST0260,28,Female,59,Month-to-Month,Fiber Optic,No,Yes,Credit Card,137.09,7182.43,No
CUST0261,65,Male,47,Month-to-Month,DSL,No,Yes,Debit Card,94.13,6704.46,Yes
CUST0262,33,Male,17,Month-to-Month,No,Yes,No,UPI,67.58,470.5,No
CUST0263,50,Female,22,Month-to-Month,Fiber Optic,Yes,No,Debit Card,127.8,7587.2,No
CUST0264,26,Male,68,Two Year,No,No,Yes,Debit Card,71.98,1117.07,No
CUST0265,23,Female,69,Two Year,No,Yes,No,UPI,24.43,371.79,No
CUST0266,33,Female,37,Month-to-Month,Fiber Optic,Yes,No,Debit Card,126.74,3373.52,Yes
CUST0267,46,Male,49,Two Year,Fiber Optic,No,Yes,Credit Card,90.96,1637.61,No
CUST0268,20,Female,13,Month-to-Month,DSL,Yes,No,UPI,63.96,1555.15,Yes
CUST0269,37,Female,34,One Year,Fiber Optic,No,Yes,UPI,52.62,2373.77,Yes
CUST0270,53,Female,53,One Year,No,Yes,Yes,Bank Transfer,97.19,2062.4,No
CUST0271,36,Female,51,Month-to-Month,DSL,No,No,Debit Card,47.05,5509.88,Yes
CUST0272,43,Male,3,Month-to-Month,No,No,Yes,UPI,62.1,1575.54,Yes
CUST0273,20,Female,42,Month-to-Month,DSL,No,No,UPI,102.75,4390.63,No
CUST0274,36,Female,32,Month-to-Month,No,Yes,Yes,Credit Card,134.6,7892.77,Yes
CUST0275,37,Female,51,One Year,No,No,No,Bank Transfer,89.28,3515.82,No
CUST0276,49,Male,46,Month-to-Month,Fiber Optic,Yes,No,UPI,118.68,5170.8,Yes
CUST0277,24,Female,21,Month-to-Month,Fiber Optic,No,No,Credit Card,119.2,7758.04,No
CUST0278,69,Male,44,Month-to-Month,Fiber Optic,No,No,UPI,106.37,1187.35,No
CUST0279,58,Male,11,Month-to-Month,Fiber Optic,No,No,UPI,51.96,3407.0,Yes
CUST0280,50,Female,68,Month-to-Month,No,Yes,Yes,UPI,132.68,6816.52,Yes
CUST0281,57,Female,1,Month-to-Month,Fiber Optic,Yes,Yes,Credit Card,76.72,7465.21,Yes
CUST0282,56,Male,63,Two Year,Fiber Optic,No,No,Debit Card,25.75,4849.76,No
CUST0283,35,Female,24,Month-to-Month,Fiber Optic,Yes,Yes,UPI,51.8,1233.02,No
CUST0284,57,Male,13,Month-to-Month,Fiber Optic,Yes,No,UPI,119.52,7221.63,Yes
CUST0285,18,Male,11,One Year,Fiber Optic,Yes,No,Debit Card,28.99,1478.13,No
CUST0286,28,Female,51,Month-to-Month,Fiber Optic,No,Yes,UPI,39.16,2887.74,No
CUST0287,45,Female,17,One Year,Fiber Optic,Yes,Yes,Bank Transfer,110.25,3066.51,No
CUST0288,42,Male,24,One Year,DSL,No,No,UPI,136.04,3633.6,No
CUST0289,67,Male,19,Month-to-Month,Fiber Optic,No,No,Bank Transfer,102.39,6342.31,Yes
CUST0290,40,Male,37,Month-to-Month,Fiber Optic,No,No,Debit Card,48.9,6436.94,Yes
CUST0291,48,Male,8,Month-to-Month,DSL,Yes,No,Credit Card,26.94,5785.28,No
CUST0292,47,Female,28,Month-to-Month,DSL,No,No,Debit Card,99.97,274.82,Yes
CUST0293,59,Female,5,Month-to-Month,Fiber Optic,Yes,No,UPI,26.16,4562.28,Yes
CUST0294,52,Female,17,Month-to-Month,DSL,Yes,Yes,Bank Transfer,99.65,6005.19,Yes
CUST0295,24,Female,36,Month-to-Month,DSL,No,No,Credit Card,49.33,3612.54,Yes
CUST0296,33,Female,19,Month-to-Month,Fiber Optic,No,No,UPI,137.61,7564.99,Yes
CUST0297,43,Male,64,One Year,No,No,Yes,Credit Card,81.76,6608.1,No
CUST0298,65,Female,11,One Year,Fiber Optic,Yes,No,Credit Card,49.11,5141.43,Yes
CUST0299,69,Female,54,Month-to-Month,No,Yes,No,UPI,130.91,593.16,No
CUST0300,66,Female,45,Month-to-Month,Fiber Optic,No,Yes,Debit Card,53.02,5253.54,Yes
CUST0301,19,Female,47,Two Year,DSL,No,No,UPI,59.86,7301.48,No
CUST0302,18,Female,12,One Year,Fiber Optic,Yes,Yes,UPI,128.46,3097.62,No
CUST0303,65,Male,21,Two Year,Fiber Optic,Yes,No,Debit Card,60.14,6721.25,Yes
CUST0304,29,Male,11,Month-to-Month,Fiber Optic,No,Yes,Bank Transfer,73.32,2573.97,Yes
CUST0305,22,Male,5,One Year,DSL,Yes,Yes,UPI,65.2,4603.82,Yes
CUST0306,54,Female,56,Month-to-Month,Fiber Optic,Yes,Yes,Credit Card,35.13,5222.55,No
CUST0307,49,Male,20,Month-to-Month,DSL,Yes,No,UPI,25.06,5456.16,Yes
CUST0308,26,Male,41,Month-to-Month,Fiber Optic,Yes,No,UPI,114.19,7072.14,No
CUST0309,58,Female,46,Month-to-Month,DSL,Yes,Yes,Credit Card,103.87,1953.52,Yes
CUST0310,52,Female,12,Month-to-Month,Fiber Optic,Yes,Yes,Debit Card,56.71,2172.72,No
CUST0311,36,Female,70,Month-to-Month,Fiber Optic,No,No,Bank Transfer,58.43,5661.92,Yes
CUST0312,65,Male,17,One Year,DSL,Yes,No,Bank Transfer,142.85,1499.83,No
CUST0313,33,Male,19,Two Year,Fiber Optic,No,No,Credit Card,148.4,3767.74,No
CUST0314,20,Female,26,Month-to-Month,Fiber Optic,No,No,Debit Card,81.55,258.27,Yes
CUST0315,37,Female,48,Month-to-Month,Fiber Optic,Yes,No,UPI,124.32,1213.74,Yes
CUST0316,41,Male,52,Month-to-Month,No,No,Yes,UPI,115.77,5462.89,Yes
CUST0317,50,Male,70,One Year,Fiber Optic,No,No,UPI,58.65,6004.95,No
CUST0318,41,Female,55,Month-to-Month,Fiber Optic,No,Yes,UPI,27.61,1011.02,Yes
CUST0319,69,Female,33,Two Year,DSL,Yes,No,UPI,38.53,1898.91,No
CUST0320,28,Male,62,Month-to-Month,DSL,No,Yes,Credit Card,128.98,881.35,Yes
CUST0321,66,Female,23,Month-to-Month,DSL,Yes,Yes,UPI,115.06,3523.96,Yes
CUST0322,25,Male,15,One Year,Fiber Optic,No,No,UPI,106.36,1096.32,No
CUST0323,53,Male,27,Two Year,DSL,No,Yes,Debit Card,36.98,3554.64,No
CUST0324,55,Male,64,Month-to-Month,DSL,No,Yes,UPI,103.19,5883.58,Yes
CUST0325,57,Male,51,Month-to-Month,Fiber Optic,No,Yes,Bank Transfer,120.38,5498.77,Yes
CUST0326,37,Female,53,Two Year,Fiber Optic,Yes,Yes,Credit Card,131.88,2315.64,Yes
CUST0327,52,Female,51,Month-to-Month,Fiber Optic,No,No,Credit Card,21.72,5422.72,Yes
CUST0328,65,Male,47,Two Year,DSL,No,Yes,Credit Card,108.98,7428.93,No
CUST0329,42,Male,4,Month-to-Month,Fiber Optic,Yes,No,Bank Transfer,22.48,2845.44,No
CUST0330,52,Male,7,One Year,Fiber Optic,Yes,Yes,UPI,111.89,2700.04,Yes
CUST0331,42,Male,35,One Year,Fiber Optic,Yes,No,Credit Card,102.63,4614.37,No
CUST0332,46,Male,48,Month-to-Month,DSL,No,No,Bank Transfer,39.29,2039.46,Yes
CUST0333,35,Female,72,Two Year,Fiber Optic,Yes,No,Debit Card,119.6,5247.47,No
CUST0334,63,Female,45,Month-to-Month,No,Yes,Yes,UPI,28.89,6674.87,No
CUST0335,35,Female,72,Month-to-Month,DSL,Yes,No,Bank Transfer,127.43,3728.62,Yes
CUST0336,19,Female,19,One Year,No,Yes,No,UPI,54.05,5468.11,No
CUST0337,52,Male,63,Month-to-Month,Fiber Optic,Yes,Yes,Debit Card,109.55,5249.89,Yes
CUST0338,33,Male,38,One Year,DSL,Yes,No,Bank Transfer,140.08,405.46,Yes
CUST0339,58,Male,67,Month-to-Month,Fiber Optic,No,Yes,UPI,64.18,1548.99,Yes
CUST0340,53,Male,59,Month-to-Month,DSL,Yes,Yes,Bank Transfer,85.38,7158.89,No
CUST0341,50,Male,69,Month-to-Month,DSL,No,No,Credit Card,80.21,7517.25,No
CUST0342,21,Female,13,Month-to-Month,Fiber Optic,Yes,Yes,UPI,40.49,6265.47,No
CUST0343,50,Male,47,Month-to-Month,Fiber Optic,Yes,Yes,Bank Transfer,96.74,7377.86,No
CUST0344,31,Female,61,One Year,No,Yes,Yes,Credit Card,116.59,2518.57,No
CUST0345,38,Female,31,Two Year,Fiber Optic,No,No,Debit Card,139.19,2056.92,No
CUST0346,65,Female,22,Two Year,DSL,Yes,Yes,UPI,130.6,3135.97,No
CUST0347,37,Female,43,Month-to-Month,Fiber Optic,Yes,Yes,UPI,86.3,537.2,No
CUST0348,25,Male,67,Month-to-Month,Fiber Optic,Yes,Yes,Debit Card,113.47,6497.99,Yes
CUST0349,24,Female,54,Month-to-Month,Fiber Optic,Yes,No,Credit Card,124.1,7874.99,Yes
CUST0350,20,Female,10,Month-to-Month,Fiber Optic,No,Yes,Debit Card,84.15,6609.83,No
CUST0351,34,Female,42,Month-to-Month,No,No,No,UPI,35.01,4484.31,Yes
CUST0352,50,Male,64,Month-to-Month,Fiber Optic,No,Yes,Bank Transfer,76.93,2432.73,Yes
CUST0353,65,Male,21,Month-to-Month,Fiber Optic,No,No,Credit Card,129.52,1661.81,No
CUST0354,29,Male,66,Two Year,DSL,No,No,Credit Card,97.56,2976.1,No
CUST0355,68,Female,41,Month-to-Month,No,Yes,No,Credit Card,114.18,5369.06,Yes
CUST0356,39,Female,24,Month-to-Month,DSL,Yes,Yes,Debit Card,44.08,3631.79,No
CUST0357,39,Male,35,Month-to-Month,DSL,Yes,Yes,Debit Card,145.36,7479.07,Yes
CUST0358,63,Female,56,Month-to-Month,DSL,No,Yes,Bank Transfer,72.53,6848.34,No
CUST0359,47,Male,30,Two Year,Fiber Optic,Yes,No,Bank Transfer,104.97,908.96,Yes
CUST0360,55,Male,57,Month-to-Month,Fiber Optic,No,Yes,Credit Card,22.45,1139.05,No
CUST0361,55,Female,47,Month-to-Month,Fiber Optic,Yes,Yes,Bank Transfer,36.55,5442.29,Yes
CUST0362,62,Female,35,Month-to-Month,No,No,No,Debit Card,121.66,1923.07,Yes
CUST0363,68,Female,19,Month-to-Month,No,Yes,Yes,Bank Transfer,145.84,6349.14,Yes
CUST0364,25,Female,8,Month-to-Month,DSL,Yes,Yes,Debit Card,61.61,4771.73,Yes
CUST0365,44,Male,26,Two Year,DSL,Yes,No,Bank Transfer,24.83,1915.66,No
CUST0366,44,Male,71,Two Year,Fiber Optic,Yes,No,UPI,66.91,3881.63,No
CUST0367,51,Male,30,One Year,No,No,Yes,Debit Card,22.27,3308.0,No
CUST0368,38,Male,7,Month-to-Month,Fiber Optic,Yes,No,UPI,45.01,6997.96,Yes
CUST0369,47,Male,67,Two Year,Fiber Optic,Yes,Yes,Debit Card,117.82,354.08,Yes
CUST0370,50,Female,65,Month-to-Month,DSL,Yes,Yes,Bank Transfer,141.82,7177.17,Yes
CUST0371,45,Male,36,Month-to-Month,Fiber Optic,No,Yes,UPI,31.37,5251.45,Yes
CUST0372,64,Male,25,One Year,Fiber Optic,Yes,Yes,Bank Transfer,92.53,5926.55,No
CUST0373,50,Male,37,Month-to-Month,Fiber Optic,Yes,Yes,Debit Card,53.0,120.6,No
CUST0374,22,Female,1,Month-to-Month,DSL,Yes,No,UPI,38.08,5063.09,No
CUST0375,65,Female,15,One Year,No,Yes,No,Credit Card,48.47,4749.04,No
CUST0376,36,Female,37,Month-to-Month,Fiber Optic,Yes,Yes,Bank Transfer,95.11,4343.92,No
CUST0377,21,Female,13,One Year,DSL,No,No,Debit Card,28.47,6308.35,Yes
CUST0378,52,Male,8,Month-to-Month,Fiber Optic,No,No,UPI,76.45,4491.38,Yes
CUST0379,66,Male,5,Two Year,Fiber Optic,No,Yes,Bank Transfer,37.58,6871.07,Yes
CUST0380,34,Female,60,Two Year,Fiber Optic,Yes,No,UPI,55.45,1937.79,No
CUST0381,61,Female,1,Two Year,Fiber Optic,No,No,Bank Transfer,44.8,6467.26,Yes
CUST0382,45,Male,36,Month-to-Month,Fiber Optic,Yes,Yes,Bank Transfer,134.79,1516.57,Yes
CUST0383,47,Male,35,Month-to-Month,No,Yes,Yes,Bank Transfer,112.04,6523.63,Yes
CUST0384,46,Female,66,Month-to-Month,DSL,Yes,Yes,UPI,132.9,7529.66,No
CUST0385,63,Female,63,Month-to-Month,DSL,Yes,Yes,UPI,69.85,2751.98,Yes
CUST0386,70,Female,23,Month-to-Month,DSL,No,Yes,Bank Transfer,60.74,4286.1,Yes
CUST0387,23,Female,9,One Year,Fiber Optic,No,Yes,Credit Card,69.48,5300.8,Yes
CUST0388,52,Male,34,Month-to-Month,Fiber Optic,No,Yes,Credit Card,22.41,727.83,No
CUST0389,58,Male,46,Two Year,No,Yes,No,Credit Card,114.21,4003.24,No
CUST0390,54,Male,4,Month-to-Month,Fiber Optic,No,Yes,Debit Card,65.47,2948.62,No
CUST0391,41,Female,30,Month-to-Month,Fiber Optic,No,No,Credit Card,60.73,6992.4,No
CUST0392,46,Female,72,Month-to-Month,No,Yes,No,UPI,97.76,7025.77,Yes
CUST0393,66,Male,3,Two Year,DSL,No,Yes,Credit Card,76.71,5636.16,No
CUST0394,63,Male,14,One Year,Fiber Optic,Yes,No,UPI,147.51,5280.22,No
CUST0395,70,Male,60,Two Year,Fiber Optic,No,No,Debit Card,66.31,5896.14,Yes
CUST0396,48,Male,45,Two Year,Fiber Optic,No,No,UPI,99.81,2991.3,No
CUST0397,52,Female,34,Month-to-Month,Fiber Optic,No,Yes,UPI,60.51,3295.7,Yes
CUST0398,50,Male,45,Month-to-Month,Fiber Optic,Yes,No,UPI,148.78,4474.27,Yes
CUST0399,69,Male,61,Month-to-Month,DSL,No,No,Credit Card,77.86,7510.42,No
CUST0400,38,Male,16,One Year,Fiber Optic,No,Yes,Bank Transfer,102.44,5819.6,No
CUST0401,49,Male,66,Month-to-Month,Fiber Optic,No,No,UPI,36.47,4452.82,Yes
CUST0402,40,Male,40,Month-to-Month,Fiber Optic,No,No,Credit Card,115.29,6186.26,Yes
CUST0403,50,Male,17,Two Year,Fiber Optic,Yes,No,Credit Card,55.0,3030.03,Yes
CUST0404,20,Male,34,Two Year,No,Yes,No,Credit Card,78.32,5870.69,No
CUST0405,35,Female,16,One Year,Fiber Optic,No,No,Bank Transfer,134.81,3344.34,No
CUST0406,42,Female,60,One Year,Fiber Optic,No,Yes,Bank Transfer,146.17,2309.33,No
CUST0407,59,Female,66,One Year,Fiber Optic,No,No,Bank Transfer,75.19,4916.82,No
CUST0408,48,Female,66,Month-to-Month,Fiber Optic,Yes,Yes,Bank Transfer,128.52,5526.33,No
CUST0409,20,Male,13,Month-to-Month,No,No,No,Debit Card,26.94,3728.42,No
CUST0410,57,Female,56,One Year,Fiber Optic,No,Yes,Bank Transfer,130.18,4567.46,No
CUST0411,63,Female,31,One Year,Fiber Optic,Yes,Yes,Bank Transfer,101.84,5583.12,No
CUST0412,41,Male,34,Month-to-Month,DSL,Yes,Yes,Bank Transfer,83.53,6164.91,Yes
CUST0413,67,Male,39,Two Year,Fiber Optic,Yes,No,UPI,135.7,7175.01,No
CUST0414,49,Female,67,Month-to-Month,DSL,No,No,UPI,129.89,2900.9,Yes
CUST0415,64,Female,8,Month-to-Month,Fiber Optic,Yes,No,Bank Transfer,58.6,7616.67,Yes
CUST0416,39,Male,55,One Year,DSL,Yes,No,Debit Card,122.89,5134.51,No
CUST0417,40,Female,27,Month-to-Month,DSL,No,No,UPI,32.93,6322.84,Yes
CUST0418,19,Male,53,Month-to-Month,DSL,Yes,Yes,Credit Card,126.96,5628.18,Yes
CUST0419,44,Male,39,Month-to-Month,DSL,No,Yes,UPI,107.81,1724.02,Yes
CUST0420,59,Male,65,One Year,DSL,No,Yes,Credit Card,31.42,664.36,No
CUST0421,19,Male,17,Month-to-Month,No,Yes,No,UPI,108.8,5837.66,Yes
CUST0422,43,Female,30,One Year,Fiber Optic,No,No,Bank Transfer,95.47,4137.32,No
CUST0423,34,Male,53,One Year,Fiber Optic,Yes,Yes,UPI,97.29,5647.49,No
CUST0424,57,Male,13,Month-to-Month,Fiber Optic,Yes,No,Bank Transfer,57.81,3867.06,Yes
CUST0425,50,Female,21,Two Year,DSL,Yes,No,Bank Transfer,54.64,2566.65,No
CUST0426,26,Male,19,Month-to-Month,No,No,Yes,UPI,119.13,2351.64,No
CUST0427,60,Female,53,Two Year,DSL,Yes,Yes,Credit Card,53.39,5871.2,No
CUST0428,65,Female,19,Month-to-Month,DSL,No,No,Credit Card,78.01,2286.56,Yes
CUST0429,56,Female,57,Two Year,Fiber Optic,No,No,UPI,110.32,5745.95,No
CUST0430,46,Male,25,Month-to-Month,DSL,No,Yes,Bank Transfer,30.35,3133.28,Yes
CUST0431,59,Female,31,Month-to-Month,Fiber Optic,Yes,No,Credit Card,97.29,6190.1,Yes
CUST0432,43,Female,55,Month-to-Month,Fiber Optic,No,Yes,Debit Card,96.62,1228.2,Yes
CUST0433,52,Male,23,Month-to-Month,Fiber Optic,No,Yes,Bank Transfer,108.95,1719.34,Yes
CUST0434,67,Female,32,One Year,Fiber Optic,Yes,Yes,UPI,68.09,5518.7,Yes
CUST0435,42,Female,62,Month-to-Month,DSL,Yes,No,Bank Transfer,78.37,4525.83,No
CUST0436,41,Female,10,One Year,Fiber Optic,No,Yes,Debit Card,62.9,1710.64,No
CUST0437,30,Female,72,Month-to-Month,DSL,No,Yes,Debit Card,125.06,7232.33,No
CUST0438,24,Female,54,Month-to-Month,Fiber Optic,Yes,No,Credit Card,36.98,2279.96,Yes
CUST0439,53,Male,52,One Year,DSL,No,Yes,Debit Card,145.18,3426.46,Yes
CUST0440,62,Female,20,Month-to-Month,Fiber Optic,No,No,Bank Transfer,102.53,1698.07,Yes
CUST0441,37,Female,32,One Year,Fiber Optic,No,No,Credit Card,135.3,3165.42,No
CUST0442,18,Male,14,One Year,Fiber Optic,No,No,Debit Card,75.41,3984.01,No
CUST0443,25,Male,50,Two Year,No,Yes,Yes,Credit Card,63.2,2432.45,Yes
CUST0444,63,Male,28,Month-to-Month,No,No,Yes,Credit Card,137.09,6175.84,No
CUST0445,33,Female,53,One Year,Fiber Optic,Yes,No,UPI,32.85,3212.07,No
CUST0446,31,Male,24,Two Year,Fiber Optic,No,No,Credit Card,35.22,5863.13,Yes
CUST0447,29,Female,22,One Year,DSL,Yes,No,Credit Card,58.92,1735.87,No
CUST0448,68,Female,30,Month-to-Month,Fiber Optic,No,Yes,Debit Card,144.77,3078.58,No
CUST0449,40,Male,63,One Year,DSL,Yes,No,Bank Transfer,102.3,163.66,Yes
CUST0450,32,Male,4,One Year,DSL,No,No,Bank Transfer,92.05,6093.24,No
CUST0451,45,Female,59,One Year,No,Yes,No,Debit Card,111.7,5044.5,No
CUST0452,51,Male,8,Month-to-Month,Fiber Optic,No,Yes,Bank Transfer,74.27,6560.8,No
CUST0453,19,Female,12,Month-to-Month,Fiber Optic,No,No,Credit Card,118.55,3699.33,No
CUST0454,49,Male,31,Two Year,DSL,Yes,Yes,UPI,71.12,6417.95,No
CUST0455,40,Male,34,Month-to-Month,Fiber Optic,Yes,Yes,Credit Card,127.43,5215.9,Yes
CUST0456,39,Male,49,One Year,DSL,Yes,No,Credit Card,54.75,128.54,Yes
CUST0457,68,Female,57,Month-to-Month,DSL,Yes,No,UPI,56.08,2104.18,No
CUST0458,42,Male,26,Month-to-Month,DSL,Yes,No,Debit Card,87.91,4001.74,Yes
CUST0459,39,Female,18,Month-to-Month,Fiber Optic,No,Yes,Credit Card,76.0,4987.63,Yes
CUST0460,39,Female,38,Month-to-Month,Fiber Optic,Yes,Yes,Credit Card,104.26,618.17,No
CUST0461,66,Female,50,Two Year,DSL,Yes,Yes,Debit Card,67.36,5670.13,No
CUST0462,69,Female,8,Two Year,Fiber Optic,No,No,Credit Card,49.97,4393.94,Yes
CUST0463,59,Male,41,One Year,DSL,Yes,Yes,Credit Card,81.08,4253.66,No
CUST0464,23,Female,6,Month-to-Month,Fiber Optic,Yes,No,Bank Transfer,92.92,2407.16,No
CUST0465,32,Female,69,One Year,No,Yes,No,Debit Card,38.54,4799.1,No
CUST0466,60,Male,44,One Year,Fiber Optic,No,No,Credit Card,92.37,317.19,Yes
CUST0467,54,Female,64,One Year,No,Yes,Yes,Credit Card,61.5,611.13,No
CUST0468,50,Male,29,Month-to-Month,No,No,Yes,UPI,71.02,5897.57,Yes
CUST0469,25,Female,28,One Year,Fiber Optic,No,Yes,UPI,56.31,2642.94,Yes
CUST0470,70,Male,11,One Year,Fiber Optic,Yes,No,UPI,141.08,2841.04,No
CUST0471,61,Female,65,Two Year,No,No,Yes,Credit Card,108.83,1746.24,Yes
CUST0472,61,Male,19,Month-to-Month,Fiber Optic,Yes,Yes,Credit Card,54.12,3620.4,No
CUST0473,22,Female,9,One Year,DSL,Yes,No,UPI,103.85,510.75,Yes
CUST0474,56,Female,27,One Year,No,Yes,No,Bank Transfer,130.31,2472.87,Yes
CUST0475,21,Male,34,Month-to-Month,Fiber Optic,Yes,Yes,Bank Transfer,72.21,4264.28,Yes
CUST0476,23,Male,44,Month-to-Month,DSL,Yes,No,Bank Transfer,127.89,3778.49,Yes
CUST0477,62,Male,68,Month-to-Month,Fiber Optic,No,Yes,Bank Transfer,40.07,7997.39,Yes
CUST0478,49,Male,15,Month-to-Month,Fiber Optic,No,No,Debit Card,126.96,3171.24,Yes
CUST0479,69,Female,51,Month-to-Month,Fiber Optic,No,No,UPI,90.24,3157.29,Yes
CUST0480,47,Female,13,One Year,Fiber Optic,No,Yes,Credit Card,48.99,4078.3,No
CUST0481,64,Male,49,One Year,Fiber Optic,Yes,No,UPI,72.93,1603.39,Yes
CUST0482,52,Female,70,One Year,Fiber Optic,Yes,No,Bank Transfer,148.44,7022.8,No
CUST0483,57,Male,56,Two Year,Fiber Optic,No,No,Credit Card,121.86,4620.92,No
CUST0484,69,Male,51,Month-to-Month,Fiber Optic,Yes,Yes,Debit Card,94.76,1617.65,Yes
CUST0485,33,Female,37,Month-to-Month,Fiber Optic,No,No,UPI,34.97,6368.19,Yes
CUST0486,30,Female,17,One Year,Fiber Optic,No,No,Credit Card,74.32,371.22,No
CUST0487,67,Female,58,Month-to-Month,Fiber Optic,No,Yes,Credit Card,54.2,7862.26,Yes
CUST0488,59,Female,29,Month-to-Month,Fiber Optic,No,Yes,Bank Transfer,29.23,6934.68,Yes
CUST0489,47,Female,33,Month-to-Month,No,Yes,No,Bank Transfer,90.49,4679.15,No
CUST0490,36,Female,60,Month-to-Month,DSL,Yes,No,UPI,135.59,979.24,Yes
CUST0491,34,Female,55,Two Year,DSL,No,No,Debit Card,107.83,1800.65,No
CUST0492,36,Male,10,Month-to-Month,Fiber Optic,No,Yes,Credit Card,52.46,2307.54,Yes
CUST0493,45,Male,47,Month-to-Month,Fiber Optic,No,No,Bank Transfer,94.57,2004.15,Yes
CUST0494,43,Male,23,Month-to-Month,DSL,No,Yes,UPI,142.62,4030.41,No
CUST0495,54,Male,21,One Year,DSL,No,Yes,Bank Transfer,113.98,7562.03,No
CUST0496,43,Male,13,Month-to-Month,DSL,Yes,No,UPI,109.63,3608.96,No
CUST0497,70,Female,33,One Year,Fiber Optic,No,No,Bank Transfer,145.86,5326.36,No
CUST0498,40,Male,24,Month-to-Month,DSL,No,Yes,Debit Card,123.85,5539.81,No
CUST0499,26,Male,11,Month-to-Month,Fiber Optic,Yes,No,Credit Card,37.76,6985.49,Yes
CUST0500,29,Male,17,Month-to-Month,Fiber Optic,Yes,No,Bank Transfer,65.19,367.19,Yes
CUST0501,70,Male,68,Month-to-Month,No,Yes,Yes,Credit Card,145.47,3294.21,No
CUST0502,18,Male,47,Month-to-Month,Fiber Optic,Yes,No,UPI,83.66,6299.41,Yes
CUST0503,18,Male,25,Month-to-Month,DSL,Yes,Yes,Debit Card,34.51,6537.45,Yes
CUST0504,64,Male,21,Two Year,Fiber Optic,Yes,No,Credit Card,79.62,7425.93,No
CUST0505,51,Female,12,Month-to-Month,No,Yes,Yes,Bank Transfer,110.61,5652.08,Yes
CUST0506,49,Female,37,One Year,Fiber Optic,Yes,Yes,Credit Card,149.68,2036.72,No
CUST0507,65,Male,42,Month-to-Month,No,Yes,No,Credit Card,62.11,4094.76,No
CUST0508,42,Female,17,Month-to-Month,Fiber Optic,No,Yes,UPI,86.83,355.53,No
CUST0509,57,Female,48,Month-to-Month,DSL,Yes,Yes,Debit Card,134.36,5210.73,Yes
CUST0510,62,Female,28,Two Year,Fiber Optic,No,No,Debit Card,66.18,4478.93,No
CUST0511,70,Female,41,Month-to-Month,DSL,No,No,Credit Card,34.2,5368.01,No
CUST0512,18,Male,47,Month-to-Month,Fiber Optic,No,No,Credit Card,143.36,7448.11,Yes
CUST0513,33,Female,18,Month-to-Month,DSL,No,Yes,UPI,83.5,5529.49,Yes
CUST0514,56,Female,71,Month-to-Month,DSL,No,Yes,Credit Card,85.36,2631.55,Yes
CUST0515,22,Female,13,Month-to-Month,No,No,Yes,UPI,100.76,1670.02,No
CUST0516,39,Male,13,One Year,DSL,No,No,Debit Card,20.46,6851.63,No
CUST0517,46,Male,31,Month-to-Month,No,No,Yes,Debit Card,141.05,1635.22,Yes
CUST0518,20,Male,2,Month-to-Month,DSL,Yes,Yes,UPI,66.99,1376.72,No
CUST0519,29,Male,16,One Year,DSL,No,No,Credit Card,71.6,1732.24,No
CUST0520,43,Male,9,Month-to-Month,No,No,Yes,Debit Card,42.63,4119.84,No
CUST0521,33,Male,38,Month-to-Month,Fiber Optic,No,No,Bank Transfer,69.16,1081.08,Yes
CUST0522,68,Male,54,Month-to-Month,Fiber Optic,No,No,UPI,124.51,7511.13,Yes
CUST0523,54,Female,56,One Year,DSL,Yes,No,Debit Card,124.0,7733.4,Yes
CUST0524,39,Female,45,Month-to-Month,Fiber Optic,No,Yes,Debit Card,141.65,7793.03,Yes
CUST0525,46,Female,34,Month-to-Month,Fiber Optic,Yes,Yes,Debit Card,72.42,409.09,Yes
CUST0526,31,Male,9,Month-to-Month,Fiber Optic,Yes,Yes,Bank Transfer,112.13,7574.96,No
CUST0527,45,Male,8,One Year,Fiber Optic,No,No,Bank Transfer,85.94,7979.58,No
CUST0528,22,Male,7,Month-to-Month,No,No,No,Bank Transfer,124.52,7545.19,Yes
CUST0529,64,Male,36,One Year,Fiber Optic,Yes,No,Credit Card,112.63,5400.42,Yes
CUST0530,66,Male,18,Two Year,No,No,Yes,UPI,67.83,5639.72,Yes
CUST0531,47,Female,3,One Year,Fiber Optic,No,Yes,Credit Card,63.77,1065.8,No
CUST0532,63,Female,28,Month-to-Month,Fiber Optic,Yes,Yes,Bank Transfer,52.82,7006.95,No
CUST0533,69,Male,70,Month-to-Month,DSL,Yes,Yes,UPI,94.95,571.15,No
CUST0534,22,Male,44,Month-to-Month,Fiber Optic,No,Yes,Credit Card,145.3,2610.07,No
CUST0535,29,Male,21,Month-to-Month,No,No,No,Credit Card,46.01,7930.1,No
CUST0536,33,Male,28,Month-to-Month,DSL,No,Yes,Credit Card,32.38,3436.39,Yes
CUST0537,43,Female,54,One Year,DSL,Yes,No,Bank Transfer,35.52,1136.13,Yes
CUST0538,43,Male,54,Month-to-Month,DSL,No,No,Debit Card,121.8,7757.43,Yes
CUST0539,65,Male,65,Month-to-Month,DSL,Yes,Yes,UPI,65.51,7874.7,No
CUST0540,38,Male,21,One Year,No,Yes,No,Bank Transfer,49.17,1577.64,No
CUST0541,56,Male,13,One Year,No,No,Yes,UPI,65.87,6931.95,No
CUST0542,53,Female,57,Month-to-Month,Fiber Optic,Yes,Yes,Bank Transfer,103.89,3184.34,Yes
CUST0543,50,Male,49,Two Year,DSL,No,No,Credit Card,91.08,3112.81,Yes
CUST0544,47,Male,54,Month-to-Month,Fiber Optic,No,Yes,Credit Card,116.67,2175.31,No
CUST0545,54,Female,10,One Year,Fiber Optic,Yes,Yes,Debit Card,64.08,453.21,No
CUST0546,40,Female,53,One Year,No,No,No,Debit Card,78.76,2217.27,No
CUST0547,27,Female,44,One Year,Fiber Optic,Yes,No,UPI,33.26,524.84,No
CUST0548,22,Male,47,One Year,DSL,Yes,No,Debit Card,29.5,7402.54,No
CUST0549,53,Male,53,Month-to-Month,Fiber Optic,No,No,Debit Card,80.09,5327.59,No
CUST0550,51,Female,46,Month-to-Month,No,No,No,UPI,59.21,7104.32,Yes
CUST0551,69,Female,13,One Year,Fiber Optic,No,No,Bank Transfer,99.66,5766.6,Yes
CUST0552,48,Female,37,Month-to-Month,Fiber Optic,No,Yes,Debit Card,25.59,1137.17,No
CUST0553,27,Female,24,Two Year,DSL,Yes,Yes,Bank Transfer,35.83,7530.59,No
CUST0554,36,Female,2,Month-to-Month,Fiber Optic,Yes,Yes,Credit Card,132.47,7209.16,Yes
CUST0555,49,Female,14,Month-to-Month,Fiber Optic,Yes,No,Debit Card,93.62,2849.8,Yes
CUST0556,18,Male,10,Month-to-Month,DSL,No,Yes,Credit Card,112.57,981.11,Yes
CUST0557,22,Male,35,Month-to-Month,Fiber Optic,Yes,No,Credit Card,129.46,5662.82,No
CUST0558,62,Male,25,One Year,DSL,Yes,Yes,Bank Transfer,80.3,5854.05,Yes
CUST0559,21,Female,3,One Year,DSL,No,No,UPI,118.94,7184.95,Yes
CUST0560,33,Female,17,One Year,DSL,No,Yes,Debit Card,88.2,515.98,No
CUST0561,41,Female,12,Two Year,DSL,No,No,Bank Transfer,48.96,1219.46,No
CUST0562,33,Female,54,Two Year,Fiber Optic,Yes,No,UPI,63.9,4826.17,No
CUST0563,19,Female,24,Two Year,DSL,No,No,Credit Card,83.75,4991.14,Yes
CUST0564,66,Female,29,Month-to-Month,DSL,Yes,No,Debit Card,61.2,365.52,Yes
CUST0565,45,Male,43,One Year,No,Yes,Yes,Credit Card,63.62,3235.76,No
CUST0566,49,Male,25,Month-to-Month,Fiber Optic,Yes,Yes,Credit Card,63.86,4714.88,No
CUST0567,44,Female,60,Month-to-Month,Fiber Optic,Yes,No,Debit Card,35.97,5929.5,Yes
CUST0568,37,Male,65,One Year,Fiber Optic,Yes,No,UPI,31.0,2597.59,No
CUST0569,41,Female,28,Month-to-Month,Fiber Optic,No,No,UPI,26.04,3922.84,No
CUST0570,29,Male,16,Month-to-Month,DSL,Yes,Yes,Debit Card,34.42,6531.03,No
CUST0571,67,Female,47,Month-to-Month,Fiber Optic,No,No,Debit Card,64.68,7635.77,Yes
CUST0572,52,Female,58,Month-to-Month,DSL,Yes,No,Bank Transfer,97.2,1919.49,No
CUST0573,50,Male,27,Two Year,Fiber Optic,Yes,Yes,Bank Transfer,44.46,2099.03,Yes
CUST0574,50,Male,53,Month-to-Month,DSL,No,No,Credit Card,135.44,7524.56,No
CUST0575,68,Female,42,Month-to-Month,Fiber Optic,Yes,No,Debit Card,125.09,3227.7,No
CUST0576,60,Female,59,Month-to-Month,Fiber Optic,Yes,Yes,UPI,87.67,5774.95,No
CUST0577,54,Male,47,Month-to-Month,Fiber Optic,No,No,Credit Card,114.15,4936.9,No
CUST0578,29,Male,34,Two Year,DSL,No,No,Credit Card,67.62,2356.14,No
CUST0579,20,Female,37,Month-to-Month,Fiber Optic,Yes,Yes,Credit Card,24.78,5263.14,Yes
CUST0580,18,Male,6,Month-to-Month,No,Yes,No,Credit Card,137.56,5278.97,No
CUST0581,50,Female,7,One Year,Fiber Optic,Yes,Yes,UPI,36.61,4780.3,No
CUST0582,57,Female,25,Two Year,DSL,No,No,Credit Card,143.23,887.32,No
CUST0583,27,Female,33,One Year,Fiber Optic,Yes,No,Debit Card,94.34,7961.86,No
CUST0584,60,Female,55,Two Year,No,No,No,Bank Transfer,59.72,3263.29,No
CUST0585,61,Male,58,Month-to-Month,Fiber Optic,No,No,UPI,84.42,5142.18,Yes
CUST0586,46,Male,7,Month-to-Month,Fiber Optic,Yes,No,Debit Card,85.21,7097.52,No
CUST0587,30,Male,57,Month-to-Month,No,No,Yes,Debit Card,23.03,3443.98,No
CUST0588,29,Male,12,Two Year,No,Yes,No,Debit Card,66.21,6214.01,No
CUST0589,48,Male,16,Month-to-Month,Fiber Optic,Yes,No,Bank Transfer,116.18,7777.41,No
CUST0590,63,Male,43,Month-to-Month,Fiber Optic,No,Yes,Bank Transfer,86.31,2935.58,No
CUST0591,19,Male,7,Month-to-Month,DSL,No,Yes,Bank Transfer,51.75,3301.63,Yes
CUST0592,68,Female,51,Month-to-Month,Fiber Optic,No,No,Debit Card,63.56,7254.05,Yes
CUST0593,67,Male,32,Month-to-Month,DSL,No,Yes,Bank Transfer,132.2,1361.18,Yes
CUST0594,52,Male,8,Two Year,DSL,No,No,Credit Card,88.32,325.9,No
CUST0595,40,Female,72,Month-to-Month,Fiber Optic,No,Yes,Bank Transfer,88.69,7280.22,No
CUST0596,34,Male,45,One Year,DSL,Yes,Yes,UPI,144.99,6590.57,No
CUST0597,43,Male,59,One Year,Fiber Optic,Yes,No,Debit Card,61.71,7783.41,No
CUST0598,25,Female,4,Month-to-Month,Fiber Optic,Yes,Yes,Debit Card,82.34,560.08,Yes
CUST0599,46,Male,67,Month-to-Month,Fiber Optic,No,No,Credit Card,125.52,1333.8,Yes
CUST0600,43,Male,29,Month-to-Month,Fiber Optic,No,Yes,Bank Transfer,118.66,931.97,Yes
CUST0601,27,Male,29,Month-to-Month,No,No,Yes,Bank Transfer,54.55,5498.99,No
CUST0602,43,Female,28,One Year,DSL,Yes,Yes,UPI,39.64,4887.48,No
CUST0603,51,Male,44,Month-to-Month,Fiber Optic,Yes,No,Credit Card,111.09,2938.75,Yes
CUST0604,68,Male,4,Month-to-Month,No,No,No,UPI,53.5,553.65,Yes
CUST0605,58,Female,9,Month-to-Month,Fiber Optic,No,Yes,UPI,139.95,5153.33,Yes
CUST0606,24,Male,5,Two Year,Fiber Optic,No,No,Debit Card,36.8,4603.95,No
CUST0607,21,Female,56,Two Year,No,No,No,Debit Card,61.38,991.94,No
CUST0608,70,Female,50,Two Year,DSL,Yes,No,Bank Transfer,27.12,7280.39,No
CUST0609,67,Male,15,One Year,Fiber Optic,Yes,Yes,Bank Transfer,111.43,1671.7,No
CUST0610,62,Female,32,Month-to-Month,Fiber Optic,Yes,No,UPI,135.86,5973.72,Yes
CUST0611,28,Female,28,One Year,DSL,No,Yes,Bank Transfer,102.66,7092.1,Yes
CUST0612,46,Male,22,Month-to-Month,Fiber Optic,Yes,Yes,UPI,141.91,4677.85,Yes
CUST0613,53,Female,17,One Year,No,No,Yes,Bank Transfer,36.71,2050.11,No
CUST0614,42,Female,59,One Year,Fiber Optic,No,Yes,Bank Transfer,31.41,2543.06,No
CUST0615,38,Male,71,Month-to-Month,DSL,No,Yes,Debit Card,128.99,7097.41,No
CUST0616,53,Male,57,One Year,DSL,Yes,No,Debit Card,131.22,2456.23,Yes
CUST0617,27,Male,26,Two Year,Fiber Optic,Yes,No,Debit Card,128.04,5994.9,Yes
CUST0618,54,Female,25,Month-to-Month,DSL,No,Yes,Debit Card,123.87,7922.31,No
CUST0619,26,Male,10,Two Year,Fiber Optic,Yes,No,Credit Card,67.09,7998.55,Yes
CUST0620,41,Female,45,Month-to-Month,Fiber Optic,No,No,Debit Card,48.27,4314.49,No
CUST0621,52,Female,11,One Year,Fiber Optic,No,No,Credit Card,140.74,6629.79,Yes
CUST0622,66,Female,53,Month-to-Month,Fiber Optic,No,No,Debit Card,59.91,7922.97,Yes
CUST0623,52,Female,72,Month-to-Month,Fiber Optic,Yes,No,Bank Transfer,71.79,3059.92,Yes
CUST0624,65,Female,68,Two Year,DSL,Yes,No,UPI,110.94,2094.04,No
CUST0625,53,Female,28,Two Year,DSL,No,No,Bank Transfer,58.14,1002.44,No
CUST0626,35,Female,65,One Year,Fiber Optic,Yes,Yes,Bank Transfer,126.49,1213.11,No
CUST0627,66,Male,49,Month-to-Month,Fiber Optic,Yes,Yes,Credit Card,29.1,6843.1,Yes
CUST0628,56,Male,47,Two Year,Fiber Optic,Yes,Yes,Debit Card,122.85,4750.91,No
CUST0629,49,Female,52,Month-to-Month,Fiber Optic,Yes,No,UPI,98.24,7002.3,No
CUST0630,41,Female,54,Two Year,No,No,No,UPI,94.49,6336.7,No
CUST0631,40,Male,60,Month-to-Month,DSL,Yes,Yes,Debit Card,79.59,5422.58,Yes
CUST0632,49,Female,57,Month-to-Month,DSL,No,No,Credit Card,56.02,4913.57,Yes
CUST0633,54,Male,47,One Year,DSL,No,No,Credit Card,80.33,481.88,No
CUST0634,29,Male,31,Month-to-Month,Fiber Optic,Yes,Yes,Credit Card,78.5,6990.97,No
CUST0635,66,Male,46,Month-to-Month,Fiber Optic,No,Yes,UPI,95.89,3400.95,Yes
CUST0636,30,Female,26,Month-to-Month,Fiber Optic,No,Yes,Credit Card,56.6,4522.32,No
CUST0637,40,Female,5,Month-to-Month,Fiber Optic,Yes,No,Credit Card,30.09,273.43,Yes
CUST0638,42,Male,52,Month-to-Month,No,No,No,UPI,38.86,7494.98,Yes
CUST0639,52,Male,54,Month-to-Month,No,No,No,UPI,110.89,7231.65,Yes
CUST0640,58,Male,33,Month-to-Month,DSL,Yes,Yes,Bank Transfer,22.92,4391.9,Yes
CUST0641,47,Male,50,Month-to-Month,Fiber Optic,Yes,Yes,UPI,131.34,4660.76,Yes
CUST0642,34,Male,38,One Year,Fiber Optic,Yes,No,Debit Card,110.27,5669.64,Yes
CUST0643,66,Female,27,Month-to-Month,DSL,Yes,Yes,UPI,119.85,2191.09,No
CUST0644,37,Male,15,Two Year,Fiber Optic,Yes,Yes,UPI,128.68,1853.13,No
CUST0645,65,Female,61,Two Year,Fiber Optic,No,No,Credit Card,35.95,5424.78,Yes
CUST0646,42,Male,21,Month-to-Month,DSL,No,Yes,Bank Transfer,126.92,924.94,Yes
CUST0647,39,Female,46,One Year,Fiber Optic,Yes,Yes,Credit Card,85.6,3687.09,No
CUST0648,30,Female,69,Two Year,Fiber Optic,Yes,Yes,Bank Transfer,135.12,3992.81,No
CUST0649,36,Female,6,Two Year,DSL,No,No,Credit Card,135.26,3112.56,Yes
CUST0650,66,Female,38,One Year,Fiber Optic,Yes,No,Debit Card,23.14,1563.62,No
CUST0651,53,Female,62,Month-to-Month,DSL,Yes,Yes,Credit Card,69.77,2907.0,No
CUST0652,29,Female,62,One Year,Fiber Optic,No,No,Credit Card,88.43,2766.7,Yes
CUST0653,58,Male,46,One Year,DSL,No,No,Debit Card,108.19,4044.2,Yes
CUST0654,36,Female,13,One Year,No,No,No,Debit Card,57.2,5429.98,No
CUST0655,29,Male,3,Month-to-Month,Fiber Optic,Yes,Yes,UPI,52.78,7749.06,Yes
CUST0656,26,Female,6,Two Year,DSL,No,No,Credit Card,69.56,1238.89,No
CUST0657,24,Female,8,Two Year,Fiber Optic,Yes,Yes,Debit Card,85.12,6996.84,Yes
CUST0658,45,Male,44,Month-to-Month,Fiber Optic,No,Yes,Debit Card,143.65,2345.01,No
CUST0659,31,Female,33,Month-to-Month,Fiber Optic,Yes,No,UPI,119.07,4771.84,Yes
CUST0660,48,Male,50,Month-to-Month,Fiber Optic,Yes,Yes,Bank Transfer,75.81,4419.22,No
CUST0661,69,Male,11,Two Year,Fiber Optic,Yes,No,Debit Card,27.07,4499.89,No
CUST0662,36,Male,28,One Year,DSL,No,No,Debit Card,41.91,5814.53,Yes
CUST0663,64,Male,70,One Year,DSL,No,Yes,Credit Card,79.27,3115.34,Yes
CUST0664,33,Female,41,Month-to-Month,Fiber Optic,No,Yes,UPI,125.8,2620.89,Yes
CUST0665,70,Female,16,One Year,Fiber Optic,Yes,No,Credit Card,69.49,6837.39,No
CUST0666,22,Male,68,Month-to-Month,Fiber Optic,No,No,Bank Transfer,90.0,1838.75,Yes
CUST0667,52,Female,48,Month-to-Month,Fiber Optic,No,No,UPI,135.93,1523.94,Yes
CUST0668,29,Female,56,One Year,Fiber Optic,Yes,No,Credit Card,138.79,223.3,Yes
CUST0669,42,Male,64,Two Year,Fiber Optic,Yes,Yes,Debit Card,48.05,1763.56,No
CUST0670,69,Female,59,Two Year,DSL,No,Yes,Debit Card,25.67,4196.4,Yes
CUST0671,38,Male,62,Two Year,DSL,No,Yes,UPI,59.7,4354.22,No
CUST0672,53,Male,11,Month-to-Month,No,No,No,Debit Card,110.45,2109.92,Yes
CUST0673,70,Female,18,Month-to-Month,Fiber Optic,Yes,Yes,Credit Card,143.64,670.97,No
CUST0674,40,Female,19,One Year,Fiber Optic,No,Yes,UPI,30.01,5982.66,No
CUST0675,33,Female,55,Two Year,DSL,Yes,Yes,Debit Card,23.7,6088.01,Yes
CUST0676,56,Male,26,Month-to-Month,Fiber Optic,Yes,Yes,Debit Card,134.94,7982.91,Yes
CUST0677,62,Male,6,Month-to-Month,No,No,No,Bank Transfer,117.26,7210.23,Yes
CUST0678,70,Female,4,Month-to-Month,DSL,No,Yes,Bank Transfer,148.99,7415.89,Yes
CUST0679,59,Female,29,One Year,Fiber Optic,Yes,Yes,UPI,71.58,6405.81,No
CUST0680,56,Female,59,Month-to-Month,Fiber Optic,Yes,Yes,Bank Transfer,74.09,4962.47,No
CUST0681,31,Female,17,Month-to-Month,Fiber Optic,No,Yes,Credit Card,42.4,1115.51,No
CUST0682,48,Male,43,Month-to-Month,Fiber Optic,No,No,Debit Card,35.06,5016.28,Yes
CUST0683,22,Female,66,Month-to-Month,No,No,No,Debit Card,95.23,542.05,Yes
CUST0684,52,Male,34,Two Year,DSL,Yes,Yes,Debit Card,67.36,7093.86,Yes
CUST0685,40,Male,8,Month-to-Month,DSL,Yes,No,UPI,30.44,3906.39,Yes
CUST0686,46,Female,13,One Year,No,No,No,UPI,135.31,5610.04,No
CUST0687,60,Female,8,One Year,Fiber Optic,Yes,No,Bank Transfer,45.79,512.72,Yes
CUST0688,28,Female,65,Two Year,DSL,Yes,No,Debit Card,117.32,4320.56,No
CUST0689,35,Male,43,Month-to-Month,Fiber Optic,No,Yes,Debit Card,56.69,2479.98,No
CUST0690,64,Female,39,Two Year,Fiber Optic,Yes,No,Debit Card,125.68,2351.25,No
CUST0691,29,Female,59,One Year,Fiber Optic,No,No,Debit Card,35.39,3178.28,No
CUST0692,26,Male,44,Two Year,DSL,No,Yes,Debit Card,118.29,105.05,No
CUST0693,27,Female,9,Two Year,Fiber Optic,Yes,Yes,Credit Card,32.76,3786.62,No
CUST0694,61,Male,37,Month-to-Month,DSL,Yes,Yes,Debit Card,78.1,3943.88,Yes
CUST0695,34,Female,36,Month-to-Month,Fiber Optic,No,Yes,Credit Card,115.42,6918.73,Yes
CUST0696,55,Male,28,Month-to-Month,Fiber Optic,Yes,No,Debit Card,42.52,3643.35,No
CUST0697,24,Female,42,Month-to-Month,Fiber Optic,No,Yes,UPI,57.14,2972.09,Yes
CUST0698,63,Female,43,Month-to-Month,DSL,Yes,No,UPI,132.42,7958.5,No
CUST0699,30,Male,42,Month-to-Month,DSL,Yes,No,Credit Card,135.07,4612.59,Yes
CUST0700,57,Male,66,Month-to-Month,Fiber Optic,Yes,Yes,Debit Card,25.84,3833.64,Yes
CUST0701,59,Female,55,Month-to-Month,Fiber Optic,No,Yes,UPI,41.85,4017.89,No
CUST0702,26,Male,72,Month-to-Month,Fiber Optic,Yes,No,UPI,35.27,6492.53,Yes
CUST0703,67,Male,48,Month-to-Month,Fiber Optic,No,No,Debit Card,43.36,2791.34,Yes
CUST0704,44,Male,22,Month-to-Month,Fiber Optic,No,Yes,Debit Card,146.12,3174.37,Yes
CUST0705,19,Male,27,Month-to-Month,DSL,No,Yes,UPI,91.72,6071.4,No
CUST0706,22,Female,67,Month-to-Month,DSL,Yes,Yes,Debit Card,80.85,676.57,Yes
CUST0707,46,Female,13,Month-to-Month,DSL,No,No,Bank Transfer,147.98,6934.84,Yes
CUST0708,54,Male,45,Two Year,DSL,No,No,Debit Card,92.4,3498.6,Yes
CUST0709,55,Male,10,Month-to-Month,Fiber Optic,Yes,Yes,UPI,105.95,4692.21,Yes
CUST0710,36,Male,9,Month-to-Month,No,No,No,UPI,63.26,6084.06,No
CUST0711,25,Male,54,Month-to-Month,Fiber Optic,No,Yes,Credit Card,69.67,2201.81,Yes
CUST0712,65,Female,27,Two Year,DSL,Yes,No,Bank Transfer,97.27,7133.48,Yes
CUST0713,62,Female,34,Two Year,DSL,No,No,UPI,29.07,7835.88,No
CUST0714,18,Male,1,Two Year,DSL,Yes,Yes,Bank Transfer,53.26,4004.77,No
CUST0715,39,Male,32,One Year,DSL,No,Yes,Debit Card,45.59,7501.81,Yes
CUST0716,69,Male,71,Month-to-Month,Fiber Optic,No,Yes,UPI,22.07,108.92,Yes
CUST0717,34,Female,67,Month-to-Month,Fiber Optic,Yes,No,Credit Card,89.8,7164.48,Yes
CUST0718,24,Male,20,Month-to-Month,DSL,No,No,UPI,92.94,2557.26,No
CUST0719,42,Female,35,Two Year,DSL,No,Yes,Credit Card,69.91,2560.81,No
CUST0720,62,Male,17,One Year,DSL,No,No,Bank Transfer,54.93,1901.9,No
CUST0721,21,Female,18,One Year,DSL,Yes,Yes,Credit Card,104.77,2604.41,No
CUST0722,53,Male,45,Month-to-Month,Fiber Optic,Yes,No,Debit Card,37.51,1786.53,No
CUST0723,23,Female,53,Two Year,DSL,Yes,Yes,Debit Card,87.42,7256.37,No
CUST0724,48,Male,68,Month-to-Month,Fiber Optic,Yes,No,Debit Card,119.85,7202.29,No
CUST0725,36,Male,65,Month-to-Month,Fiber Optic,Yes,No,UPI,41.36,907.47,No
CUST0726,61,Male,1,Month-to-Month,No,No,No,Debit Card,117.92,1228.58,Yes
CUST0727,56,Female,58,One Year,No,Yes,No,Debit Card,118.9,6909.95,No
CUST0728,44,Male,26,Month-to-Month,Fiber Optic,Yes,Yes,UPI,27.79,3251.61,Yes
CUST0729,27,Female,20,Two Year,DSL,Yes,No,Bank Transfer,22.44,1437.25,No
CUST0730,43,Female,10,Month-to-Month,Fiber Optic,No,Yes,Debit Card,146.61,4134.29,No
CUST0731,36,Male,59,One Year,Fiber Optic,No,Yes,Debit Card,45.14,3391.68,No
CUST0732,56,Male,41,Month-to-Month,DSL,Yes,Yes,UPI,126.88,1831.38,Yes
CUST0733,20,Male,5,Month-to-Month,Fiber Optic,No,Yes,Bank Transfer,93.04,5793.94,Yes
CUST0734,62,Female,65,Two Year,No,No,No,Bank Transfer,54.38,5087.19,No
CUST0735,30,Male,17,One Year,Fiber Optic,No,Yes,Bank Transfer,36.9,887.33,No
CUST0736,67,Female,22,One Year,DSL,No,No,UPI,84.57,7410.56,No
CUST0737,45,Female,41,Two Year,DSL,Yes,No,Credit Card,72.96,4511.91,No
CUST0738,37,Male,68,One Year,Fiber Optic,Yes,No,Credit Card,110.86,2076.62,No
CUST0739,45,Male,69,Month-to-Month,DSL,No,No,Debit Card,137.54,1729.71,Yes
CUST0740,25,Male,11,One Year,Fiber Optic,No,Yes,Debit Card,124.68,1173.99,No
CUST0741,58,Male,56,Month-to-Month,Fiber Optic,No,No,Debit Card,55.68,3454.64,Yes
CUST0742,56,Male,51,Month-to-Month,DSL,No,Yes,Credit Card,134.26,1170.77,Yes
CUST0743,18,Male,21,Month-to-Month,No,Yes,No,UPI,128.34,3384.95,No
CUST0744,20,Female,26,One Year,Fiber Optic,No,No,Debit Card,140.79,1275.29,Yes
CUST0745,30,Female,19,One Year,DSL,Yes,Yes,UPI,79.63,5288.78,No
CUST0746,45,Female,60,Month-to-Month,Fiber Optic,No,No,Debit Card,119.91,6303.41,Yes
CUST0747,66,Male,71,One Year,Fiber Optic,Yes,No,UPI,96.92,4441.23,No
CUST0748,42,Female,47,Two Year,Fiber Optic,No,No,UPI,60.37,5472.45,Yes
CUST0749,50,Female,71,Month-to-Month,No,Yes,No,Credit Card,149.28,7513.19,No
CUST0750,55,Female,26,Month-to-Month,Fiber Optic,Yes,No,UPI,24.98,5143.14,No
CUST0751,70,Female,40,One Year,No,Yes,Yes,Bank Transfer,41.1,2976.85,No
CUST0752,23,Female,5,Month-to-Month,Fiber Optic,No,No,Credit Card,136.03,3650.89,Yes
CUST0753,61,Male,21,One Year,Fiber Optic,Yes,No,Debit Card,27.87,6898.15,No
CUST0754,62,Male,4,Month-to-Month,No,No,Yes,Credit Card,135.29,1132.69,Yes
CUST0755,49,Female,23,Month-to-Month,Fiber Optic,Yes,No,Bank Transfer,112.98,2673.32,Yes
CUST0756,62,Female,15,One Year,DSL,Yes,Yes,Bank Transfer,24.77,4660.51,No
CUST0757,64,Female,8,One Year,Fiber Optic,No,No,UPI,75.81,5443.48,No
CUST0758,38,Male,41,Two Year,Fiber Optic,Yes,No,Bank Transfer,118.08,6131.64,Yes
CUST0759,33,Male,19,Two Year,DSL,No,Yes,Bank Transfer,95.8,2613.83,Yes
CUST0760,38,Female,46,One Year,No,No,No,Bank Transfer,141.66,1252.29,No
CUST0761,28,Male,28,One Year,DSL,No,No,Bank Transfer,132.79,7643.23,Yes
CUST0762,54,Male,68,Month-to-Month,DSL,No,Yes,Debit Card,63.24,703.5,Yes
CUST0763,53,Female,15,Month-to-Month,No,Yes,Yes,Debit Card,31.0,856.86,No
CUST0764,52,Male,37,Month-to-Month,Fiber Optic,Yes,No,Credit Card,142.75,4010.05,No
CUST0765,36,Male,1,Two Year,DSL,No,Yes,UPI,87.25,6572.24,Yes
CUST0766,37,Female,67,Month-to-Month,Fiber Optic,Yes,No,Debit Card,29.67,6218.58,Yes
CUST0767,35,Male,24,One Year,Fiber Optic,Yes,Yes,Bank Transfer,126.15,7507.82,Yes
CUST0768,64,Male,27,Month-to-Month,DSL,No,No,UPI,132.91,1218.66,No
CUST0769,58,Female,40,One Year,No,Yes,Yes,Debit Card,103.13,3068.25,No
CUST0770,66,Male,63,Two Year,Fiber Optic,No,Yes,Credit Card,78.18,2328.92,Yes
CUST0771,31,Male,61,Month-to-Month,Fiber Optic,Yes,Yes,Bank Transfer,106.08,6900.87,Yes
CUST0772,32,Female,36,Two Year,Fiber Optic,Yes,Yes,UPI,111.87,3958.0,Yes
CUST0773,48,Female,24,Month-to-Month,Fiber Optic,No,Yes,Debit Card,136.09,312.1,No
CUST0774,18,Female,24,Month-to-Month,DSL,Yes,Yes,UPI,144.26,5692.92,No
CUST0775,70,Male,4,Two Year,DSL,Yes,Yes,Debit Card,86.86,3170.71,No
CUST0776,20,Female,67,Month-to-Month,Fiber Optic,No,Yes,Credit Card,123.8,4296.06,No
CUST0777,33,Male,34,Two Year,Fiber Optic,Yes,Yes,Bank Transfer,145.39,7160.92,No
CUST0778,40,Female,57,Month-to-Month,DSL,No,No,Credit Card,39.66,2128.23,No
CUST0779,28,Male,49,Month-to-Month,Fiber Optic,Yes,Yes,Bank Transfer,22.37,1998.09,Yes
CUST0780,29,Female,53,Two Year,Fiber Optic,No,No,Bank Transfer,132.97,2179.22,No
CUST0781,27,Female,23,Month-to-Month,DSL,No,Yes,UPI,45.39,2771.05,No
CUST0782,49,Female,69,Two Year,DSL,No,No,Debit Card,25.52,948.1,No
CUST0783,33,Female,53,Two Year,DSL,No,No,Credit Card,40.81,5608.04,No
CUST0784,25,Male,62,Month-to-Month,Fiber Optic,No,Yes,Credit Card,69.93,1738.45,No
CUST0785,55,Female,41,Month-to-Month,DSL,Yes,Yes,Credit Card,48.5,7416.55,No
CUST0786,29,Female,57,Month-to-Month,Fiber Optic,Yes,No,UPI,59.68,1803.92,Yes
CUST0787,41,Male,60,Month-to-Month,Fiber Optic,No,No,UPI,146.79,2119.57,Yes
CUST0788,45,Female,54,Month-to-Month,Fiber Optic,Yes,Yes,UPI,111.57,2446.46,No
CUST0789,70,Male,70,Month-to-Month,DSL,No,Yes,Bank Transfer,112.58,6171.45,Yes
CUST0790,25,Female,57,Month-to-Month,Fiber Optic,Yes,Yes,Credit Card,32.31,3478.09,Yes
CUST0791,45,Female,10,Month-to-Month,Fiber Optic,Yes,No,Bank Transfer,115.17,6572.74,Yes
CUST0792,53,Female,40,Two Year,No,No,Yes,Credit Card,116.11,6300.34,Yes
CUST0793,43,Male,7,Two Year,No,No,Yes,Credit Card,105.77,7442.97,No
CUST0794,25,Female,38,One Year,Fiber Optic,Yes,Yes,Debit Card,49.7,6077.17,No
CUST0795,67,Female,61,Month-to-Month,Fiber Optic,Yes,Yes,Credit Card,74.99,510.1,Yes
CUST0796,45,Female,3,Two Year,DSL,No,Yes,UPI,130.02,6714.52,Yes
CUST0797,45,Male,51,Month-to-Month,DSL,Yes,No,UPI,107.13,7510.77,Yes
CUST0798,54,Male,47,One Year,DSL,Yes,No,UPI,115.26,7950.14,Yes
CUST0799,58,Female,68,Two Year,Fiber Optic,No,Yes,Debit Card,96.36,1089.61,Yes
CUST0800,53,Male,38,Month-to-Month,DSL,Yes,Yes,Debit Card,78.45,4944.86,No
CUST0801,44,Female,36,One Year,DSL,No,No,Bank Transfer,118.68,1675.72,Yes
CUST0802,34,Female,41,Two Year,No,No,Yes,Credit Card,28.83,2173.83,Yes
CUST0803,26,Female,69,Two Year,DSL,No,No,Credit Card,107.51,5990.12,Yes
CUST0804,50,Female,13,One Year,DSL,Yes,Yes,UPI,149.64,7823.57,No
CUST0805,70,Female,58,Month-to-Month,DSL,Yes,No,UPI,121.42,4799.36,No
CUST0806,37,Female,50,Month-to-Month,Fiber Optic,No,No,UPI,57.77,6819.62,Yes
CUST0807,30,Female,30,Month-to-Month,Fiber Optic,No,Yes,UPI,56.12,170.18,No
CUST0808,45,Male,62,One Year,Fiber Optic,Yes,No,UPI,106.74,389.39,No
CUST0809,65,Male,25,Month-to-Month,Fiber Optic,Yes,Yes,UPI,136.46,4814.12,No
CUST0810,46,Male,27,Two Year,Fiber Optic,Yes,No,Credit Card,95.13,3172.97,No
CUST0811,30,Male,51,Month-to-Month,Fiber Optic,No,Yes,Debit Card,88.56,7129.09,No
CUST0812,63,Male,57,Month-to-Month,No,No,Yes,UPI,40.85,2485.66,Yes
CUST0813,52,Male,47,Month-to-Month,Fiber Optic,Yes,Yes,Credit Card,113.01,3513.2,Yes
CUST0814,23,Male,39,One Year,Fiber Optic,Yes,No,UPI,111.3,4270.48,No
CUST0815,35,Female,16,Month-to-Month,DSL,Yes,Yes,Bank Transfer,145.7,2257.01,Yes
CUST0816,68,Female,22,Month-to-Month,DSL,No,Yes,Bank Transfer,59.02,7277.11,Yes
CUST0817,22,Female,54,Month-to-Month,DSL,No,Yes,Credit Card,118.34,3769.82,Yes
CUST0818,64,Female,21,Month-to-Month,Fiber Optic,Yes,No,Debit Card,76.43,3450.83,No
CUST0819,42,Male,72,Month-to-Month,Fiber Optic,Yes,Yes,Bank Transfer,92.6,6813.05,Yes
CUST0820,19,Male,16,Two Year,Fiber Optic,No,No,Bank Transfer,126.14,2564.63,Yes
CUST0821,27,Female,59,Month-to-Month,DSL,No,No,Debit Card,48.86,6557.98,No
CUST0822,47,Female,31,Month-to-Month,Fiber Optic,Yes,No,Bank Transfer,64.57,1065.96,Yes
CUST0823,67,Male,42,Two Year,No,Yes,Yes,UPI,120.53,1544.03,Yes
CUST0824,62,Female,32,Two Year,Fiber Optic,Yes,Yes,Debit Card,94.16,7611.65,No
CUST0825,22,Female,59,One Year,Fiber Optic,No,No,Bank Transfer,32.01,6755.34,No
CUST0826,50,Female,34,Month-to-Month,Fiber Optic,Yes,Yes,Debit Card,75.92,3164.4,No
CUST0827,18,Female,9,Two Year,No,No,Yes,UPI,96.26,5143.81,Yes
CUST0828,35,Male,11,Two Year,Fiber Optic,No,No,Bank Transfer,138.24,7549.46,No
CUST0829,49,Female,10,One Year,Fiber Optic,Yes,No,Credit Card,44.5,1773.69,No
CUST0830,64,Female,17,Month-to-Month,DSL,Yes,Yes,Bank Transfer,124.77,566.18,Yes
CUST0831,66,Male,68,One Year,DSL,No,No,Bank Transfer,36.98,4346.0,Yes
CUST0832,28,Male,48,One Year,Fiber Optic,Yes,Yes,UPI,51.49,1226.52,No
CUST0833,38,Female,52,Month-to-Month,DSL,No,No,Credit Card,51.63,1579.82,No
CUST0834,43,Male,25,Month-to-Month,No,Yes,Yes,Credit Card,134.07,7143.16,No
CUST0835,42,Female,21,Two Year,DSL,Yes,Yes,Credit Card,45.87,158.49,No
CUST0836,39,Female,65,One Year,No,Yes,No,UPI,122.3,6552.88,Yes
CUST0837,44,Male,63,Month-to-Month,Fiber Optic,Yes,Yes,UPI,80.03,4183.91,No
CUST0838,66,Female,51,One Year,DSL,No,Yes,UPI,149.88,4518.43,No
CUST0839,30,Female,36,Month-to-Month,No,No,No,UPI,129.08,5406.97,No
CUST0840,50,Female,66,Month-to-Month,Fiber Optic,No,Yes,UPI,116.16,3508.42,No
CUST0841,51,Female,15,One Year,Fiber Optic,Yes,Yes,Credit Card,133.19,1013.33,No
CUST0842,58,Male,39,Month-to-Month,DSL,No,Yes,Debit Card,102.42,912.28,Yes
CUST0843,52,Male,70,Month-to-Month,Fiber Optic,No,No,UPI,129.67,6059.46,Yes
CUST0844,18,Female,1,Two Year,DSL,No,No,Debit Card,53.95,1846.18,Yes
CUST0845,38,Male,23,Month-to-Month,Fiber Optic,Yes,No,Bank Transfer,32.7,322.0,Yes
CUST0846,65,Female,39,Month-to-Month,Fiber Optic,No,No,Bank Transfer,100.07,7838.95,Yes
CUST0847,23,Female,57,Two Year,Fiber Optic,Yes,No,UPI,76.51,7845.09,No
CUST0848,45,Female,34,One Year,Fiber Optic,Yes,Yes,Bank Transfer,75.44,3087.32,No
CUST0849,34,Female,41,One Year,Fiber Optic,No,Yes,Debit Card,88.48,301.64,No
CUST0850,22,Female,13,Two Year,DSL,Yes,Yes,Bank Transfer,66.98,5845.39,No
CUST0851,48,Male,70,Month-to-Month,Fiber Optic,No,No,Bank Transfer,101.39,6665.0,Yes
CUST0852,22,Female,6,One Year,DSL,No,Yes,Debit Card,23.97,1087.61,No
CUST0853,55,Male,52,Month-to-Month,Fiber Optic,No,No,Bank Transfer,146.09,1170.12,Yes
CUST0854,20,Male,3,Two Year,Fiber Optic,No,Yes,UPI,140.21,6595.57,Yes
CUST0855,70,Female,63,Month-to-Month,No,No,No,Debit Card,141.59,7383.07,Yes
CUST0856,40,Female,49,One Year,Fiber Optic,Yes,Yes,Debit Card,67.45,6346.96,No
CUST0857,54,Female,47,Month-to-Month,Fiber Optic,No,Yes,Credit Card,89.15,1685.89,Yes
CUST0858,70,Female,55,Month-to-Month,Fiber Optic,Yes,No,Credit Card,144.04,3351.02,Yes
CUST0859,54,Female,64,One Year,Fiber Optic,No,Yes,Debit Card,137.3,4846.66,No
CUST0860,27,Male,65,One Year,DSL,No,Yes,Debit Card,122.73,1366.32,No
CUST0861,27,Female,67,One Year,Fiber Optic,No,No,Credit Card,72.95,1763.76,No
CUST0862,36,Female,15,Month-to-Month,Fiber Optic,Yes,Yes,UPI,93.36,2334.8,No
CUST0863,34,Male,32,Month-to-Month,No,Yes,Yes,Bank Transfer,123.08,4125.15,Yes
CUST0864,38,Male,68,One Year,Fiber Optic,Yes,No,Bank Transfer,55.49,4135.36,No
CUST0865,31,Female,18,Two Year,Fiber Optic,Yes,No,Bank Transfer,101.44,6532.93,Yes
CUST0866,26,Male,43,One Year,DSL,No,No,Debit Card,127.63,6048.78,No
CUST0867,63,Female,35,Two Year,No,No,No,UPI,111.97,7318.51,No
CUST0868,18,Male,58,Two Year,Fiber Optic,Yes,No,Credit Card,82.33,6679.92,Yes
CUST0869,68,Male,33,One Year,DSL,Yes,Yes,UPI,96.0,2105.63,No
CUST0870,62,Female,14,One Year,DSL,Yes,No,UPI,148.53,2717.24,No
CUST0871,30,Male,34,Two Year,Fiber Optic,No,No,Bank Transfer,98.26,4053.34,Yes
CUST0872,21,Male,61,One Year,DSL,Yes,Yes,Credit Card,122.13,212.74,No
CUST0873,18,Male,4,Two Year,DSL,Yes,Yes,UPI,114.46,7240.83,No
CUST0874,66,Male,59,One Year,DSL,No,Yes,Credit Card,111.19,450.32,No
CUST0875,57,Male,29,One Year,DSL,Yes,Yes,Debit Card,113.13,2647.29,Yes
CUST0876,49,Male,6,Month-to-Month,Fiber Optic,No,Yes,Bank Transfer,79.07,4596.48,No
CUST0877,51,Female,49,Month-to-Month,Fiber Optic,No,No,Credit Card,81.64,4190.95,Yes
CUST0878,45,Female,40,Two Year,DSL,No,Yes,Debit Card,80.82,5270.23,No
CUST0879,48,Male,65,One Year,DSL,No,No,Debit Card,24.32,4267.41,Yes
CUST0880,25,Female,69,One Year,DSL,No,Yes,Debit Card,51.34,1909.11,No
CUST0881,56,Female,27,Two Year,Fiber Optic,Yes,No,UPI,40.09,1688.52,No
CUST0882,43,Female,6,One Year,DSL,Yes,Yes,UPI,135.24,7267.25,Yes
CUST0883,51,Male,13,Month-to-Month,Fiber Optic,No,No,Bank Transfer,55.75,2185.34,Yes
CUST0884,20,Female,64,One Year,Fiber Optic,No,No,Bank Transfer,38.0,2319.72,Yes
CUST0885,67,Male,62,One Year,DSL,Yes,No,Debit Card,35.57,3362.33,Yes
CUST0886,29,Female,19,Month-to-Month,DSL,Yes,No,Bank Transfer,111.0,1201.56,No
CUST0887,18,Male,43,Month-to-Month,DSL,No,No,UPI,20.79,4107.46,Yes
CUST0888,61,Male,20,Month-to-Month,Fiber Optic,Yes,No,Bank Transfer,81.27,5353.75,Yes
CUST0889,22,Female,68,Month-to-Month,No,Yes,No,Credit Card,35.45,6309.4,No
CUST0890,47,Female,44,Month-to-Month,DSL,No,No,UPI,130.46,5720.49,Yes
CUST0891,47,Male,23,Month-to-Month,No,Yes,No,Debit Card,144.6,1266.32,Yes
CUST0892,34,Female,2,Month-to-Month,DSL,Yes,No,Debit Card,144.64,3702.93,Yes
CUST0893,65,Female,22,Month-to-Month,Fiber Optic,Yes,Yes,Bank Transfer,77.46,404.83,No
CUST0894,64,Female,57,Month-to-Month,Fiber Optic,Yes,No,UPI,103.79,240.6,Yes
CUST0895,40,Male,72,One Year,Fiber Optic,No,No,Debit Card,97.96,3577.03,No
CUST0896,32,Male,7,Two Year,Fiber Optic,Yes,Yes,Debit Card,65.51,2098.39,No
CUST0897,54,Female,56,One Year,Fiber Optic,No,No,UPI,77.73,5498.55,No
CUST0898,38,Female,67,Month-to-Month,Fiber Optic,Yes,No,UPI,28.36,5821.5,Yes
CUST0899,31,Female,16,Month-to-Month,Fiber Optic,No,Yes,Debit Card,123.44,7173.69,No
CUST0900,19,Male,51,Month-to-Month,Fiber Optic,No,Yes,Bank Transfer,51.3,6109.39,No
CUST0901,28,Male,72,Month-to-Month,DSL,Yes,No,Bank Transfer,79.87,481.13,No
CUST0902,68,Female,12,Month-to-Month,DSL,No,Yes,Bank Transfer,82.48,3035.82,No
CUST0903,56,Female,53,Month-to-Month,Fiber Optic,No,No,Credit Card,92.89,2256.88,Yes
CUST0904,55,Female,5,Month-to-Month,Fiber Optic,No,No,UPI,126.32,3150.45,Yes
CUST0905,51,Female,27,Two Year,Fiber Optic,No,No,Debit Card,109.94,1364.6,No
CUST0906,55,Female,12,Month-to-Month,Fiber Optic,No,Yes,Credit Card,106.2,871.86,No
CUST0907,67,Female,17,Month-to-Month,No,Yes,No,Bank Transfer,88.48,4215.78,No
CUST0908,51,Male,6,Two Year,Fiber Optic,No,No,Credit Card,32.47,5791.01,No
CUST0909,35,Female,5,Month-to-Month,Fiber Optic,No,Yes,Debit Card,72.26,5645.1,Yes
CUST0910,47,Male,57,Month-to-Month,Fiber Optic,Yes,No,Debit Card,144.45,3662.46,Yes
CUST0911,32,Female,28,One Year,Fiber Optic,Yes,No,UPI,149.42,4226.0,No
CUST0912,44,Female,69,One Year,DSL,No,No,Bank Transfer,114.96,4179.0,Yes
CUST0913,68,Male,59,One Year,Fiber Optic,Yes,No,Bank Transfer,49.58,5563.41,No
CUST0914,51,Male,33,Month-to-Month,Fiber Optic,Yes,No,Credit Card,33.25,478.61,Yes
CUST0915,69,Male,62,Month-to-Month,No,Yes,No,Bank Transfer,73.92,5708.18,Yes
CUST0916,55,Male,50,Month-to-Month,DSL,Yes,Yes,Credit Card,131.35,4699.39,No
CUST0917,50,Female,19,Month-to-Month,DSL,Yes,No,Debit Card,113.84,1665.06,Yes
CUST0918,41,Male,69,Two Year,No,Yes,No,Debit Card,134.91,487.56,No
CUST0919,32,Female,66,One Year,Fiber Optic,No,Yes,Debit Card,100.05,957.37,Yes
CUST0920,47,Male,47,Month-to-Month,Fiber Optic,No,No,Debit Card,36.94,4245.06,Yes
CUST0921,59,Female,39,One Year,Fiber Optic,Yes,No,Debit Card,34.92,6091.43,No
CUST0922,68,Female,68,Month-to-Month,Fiber Optic,Yes,Yes,Credit Card,26.24,2743.79,No
CUST0923,34,Female,33,Two Year,Fiber Optic,No,Yes,Debit Card,93.72,3095.08,No
CUST0924,22,Female,13,Month-to-Month,DSL,Yes,Yes,Credit Card,51.58,7479.76,Yes
CUST0925,46,Female,54,Month-to-Month,Fiber Optic,No,Yes,Debit Card,115.47,1782.8,Yes
CUST0926,21,Female,7,Month-to-Month,No,Yes,Yes,Credit Card,109.21,919.62,Yes
CUST0927,27,Male,14,One Year,DSL,No,Yes,Credit Card,61.35,2812.94,No
CUST0928,34,Female,19,One Year,No,No,Yes,Credit Card,42.98,5992.78,No
CUST0929,27,Male,54,Month-to-Month,No,Yes,No,Bank Transfer,33.31,5046.01,Yes
CUST0930,34,Male,20,Month-to-Month,Fiber Optic,Yes,No,Credit Card,115.85,3384.78,Yes
CUST0931,37,Female,29,Month-to-Month,Fiber Optic,Yes,No,Credit Card,78.56,7721.55,Yes
CUST0932,41,Male,24,Month-to-Month,Fiber Optic,Yes,Yes,Debit Card,62.06,5906.47,Yes
CUST0933,22,Female,63,Two Year,DSL,No,No,Credit Card,131.36,588.71,No
CUST0934,51,Male,57,Month-to-Month,Fiber Optic,Yes,Yes,Credit Card,97.17,5982.59,Yes
CUST0935,23,Female,8,Month-to-Month,No,No,No,UPI,87.34,289.9,Yes
CUST0936,70,Male,62,One Year,Fiber Optic,Yes,No,Bank Transfer,116.64,5237.55,No
CUST0937,19,Female,29,Month-to-Month,Fiber Optic,No,No,UPI,126.03,1762.81,Yes
CUST0938,30,Female,17,One Year,DSL,Yes,No,Debit Card,109.19,5601.89,No
CUST0939,60,Female,66,Two Year,DSL,Yes,Yes,Bank Transfer,77.2,2547.26,No
CUST0940,60,Female,6,Month-to-Month,Fiber Optic,No,Yes,Bank Transfer,69.31,6996.75,Yes
CUST0941,65,Male,58,Two Year,DSL,Yes,No,UPI,120.32,2761.62,Yes
CUST0942,28,Female,69,One Year,Fiber Optic,Yes,Yes,Bank Transfer,87.33,4995.6,No
CUST0943,68,Male,28,Month-to-Month,Fiber Optic,Yes,Yes,UPI,111.57,2358.83,Yes
CUST0944,64,Male,62,Month-to-Month,Fiber Optic,Yes,No,Credit Card,135.75,7346.05,No
CUST0945,40,Male,41,Month-to-Month,DSL,Yes,Yes,UPI,139.07,6269.87,Yes
CUST0946,33,Female,69,One Year,Fiber Optic,No,Yes,Bank Transfer,56.1,2022.09,Yes
CUST0947,48,Male,41,One Year,Fiber Optic,Yes,Yes,Bank Transfer,44.43,7595.49,No
CUST0948,28,Male,49,Two Year,DSL,No,Yes,Debit Card,53.97,2921.54,No
CUST0949,33,Male,49,Two Year,DSL,Yes,No,Debit Card,117.68,5249.73,No
CUST0950,25,Female,71,One Year,DSL,Yes,No,Debit Card,68.11,5968.54,No
CUST0951,21,Female,3,One Year,No,No,Yes,Debit Card,42.54,280.93,No
CUST0952,57,Male,10,Month-to-Month,DSL,No,No,Bank Transfer,32.79,7675.84,Yes
CUST0953,21,Female,35,Month-to-Month,Fiber Optic,No,No,Debit Card,62.55,2821.09,No
CUST0954,42,Female,2,Month-to-Month,No,No,No,UPI,37.7,1599.25,No
CUST0955,20,Male,24,One Year,Fiber Optic,No,Yes,Credit Card,40.33,6820.59,No
CUST0956,49,Male,38,Month-to-Month,DSL,Yes,Yes,Bank Transfer,108.9,5652.9,No
CUST0957,20,Female,22,Month-to-Month,No,No,No,Debit Card,22.57,785.27,Yes
CUST0958,44,Male,26,Month-to-Month,DSL,No,No,Bank Transfer,35.28,1024.65,Yes
CUST0959,46,Female,43,Month-to-Month,Fiber Optic,Yes,Yes,Debit Card,129.77,5750.02,Yes
CUST0960,49,Female,55,One Year,No,Yes,No,Bank Transfer,129.84,690.79,Yes
CUST0961,67,Female,39,Month-to-Month,Fiber Optic,No,Yes,Debit Card,62.8,7345.69,Yes
CUST0962,68,Female,29,One Year,Fiber Optic,No,No,Credit Card,31.43,5958.17,No
CUST0963,36,Female,20,Month-to-Month,DSL,No,Yes,Debit Card,111.65,2750.39,Yes
CUST0964,38,Female,41,One Year,Fiber Optic,Yes,Yes,UPI,66.82,2967.22,Yes
CUST0965,22,Male,54,Month-to-Month,Fiber Optic,No,Yes,Bank Transfer,25.91,4101.32,No
CUST0966,35,Male,20,Month-to-Month,DSL,Yes,Yes,Bank Transfer,40.52,2951.66,Yes
CUST0967,45,Female,19,One Year,No,Yes,No,UPI,37.84,6289.4,No
CUST0968,59,Female,66,Month-to-Month,No,Yes,Yes,UPI,96.59,7800.42,No
CUST0969,39,Female,30,Month-to-Month,No,Yes,No,Credit Card,136.76,4717.72,Yes
CUST0970,38,Male,53,Month-to-Month,Fiber Optic,No,Yes,Bank Transfer,123.1,3623.69,Yes
CUST0971,23,Female,34,Month-to-Month,Fiber Optic,Yes,Yes,Credit Card,91.05,1859.92,Yes
CUST0972,18,Male,22,Month-to-Month,No,Yes,No,Bank Transfer,74.88,5262.12,No
CUST0973,22,Female,67,Month-to-Month,No,No,No,Bank Transfer,100.43,5516.06,Yes
CUST0974,58,Female,6,One Year,Fiber Optic,Yes,No,Credit Card,77.7,5513.01,Yes
CUST0975,29,Male,27,Two Year,DSL,No,Yes,Bank Transfer,51.99,313.18,No
CUST0976,43,Male,10,Month-to-Month,DSL,Yes,Yes,Bank Transfer,108.3,7203.06,Yes
CUST0977,63,Female,48,Two Year,Fiber Optic,No,No,Credit Card,133.52,2771.04,No
CUST0978,51,Female,70,Month-to-Month,Fiber Optic,Yes,Yes,Debit Card,68.47,5978.91,No
CUST0979,66,Female,59,One Year,Fiber Optic,Yes,No,Credit Card,129.4,6102.47,No
CUST0980,31,Male,59,One Year,DSL,No,Yes,Bank Transfer,76.04,5239.38,Yes
CUST0981,43,Male,2,One Year,DSL,Yes,Yes,UPI,72.17,3219.45,No
CUST0982,62,Male,29,Month-to-Month,Fiber Optic,Yes,Yes,Debit Card,23.68,4906.24,No
CUST0983,44,Male,68,Month-to-Month,Fiber Optic,No,No,UPI,110.39,417.57,Yes
CUST0984,26,Male,65,Month-to-Month,DSL,Yes,Yes,Debit Card,124.98,6118.98,Yes
CUST0985,43,Male,26,Month-to-Month,Fiber Optic,Yes,No,UPI,106.26,886.75,No
CUST0986,64,Female,10,Month-to-Month,Fiber Optic,No,No,Debit Card,39.68,3234.33,Yes
CUST0987,39,Female,53,Month-to-Month,Fiber Optic,No,Yes,Credit Card,33.43,918.59,Yes
CUST0988,64,Male,59,Month-to-Month,Fiber Optic,No,No,Debit Card,94.47,6712.89,No
CUST0989,47,Female,22,Month-to-Month,DSL,No,No,Debit Card,72.2,4447.39,No
CUST0990,60,Female,51,One Year,Fiber Optic,No,Yes,Debit Card,75.78,5558.55,No
CUST0991,65,Male,48,Two Year,No,Yes,No,Bank Transfer,145.81,5492.4,No
CUST0992,34,Female,21,Two Year,DSL,No,No,UPI,114.11,6748.69,No
CUST0993,43,Male,22,Month-to-Month,Fiber Optic,Yes,Yes,Credit Card,73.53,1147.3,Yes
CUST0994,53,Male,30,One Year,Fiber Optic,No,Yes,UPI,22.48,5311.85,No
CUST0995,18,Female,25,Two Year,No,Yes,Yes,UPI,24.43,4643.56,No
CUST0996,25,Male,28,Month-to-Month,Fiber Optic,Yes,No,Credit Card,109.02,344.09,Yes
CUST0997,66,Male,65,Month-to-Month,DSL,No,No,Bank Transfer,128.91,1691.24,Yes
CUST0998,52,Male,45,Two Year,Fiber Optic,Yes,Yes,Debit Card,112.0,2213.82,Yes
CUST0999,69,Male,68,Month-to-Month,DSL,Yes,No,Bank Transfer,72.77,673.2,Yes
CUST1000,32,Male,7,Month-to-Month,No,No,Yes,Bank Transfer,24.05,2902.29,Yes
CUST1001,64,Male,49,Month-to-Month,Fiber Optic,No,Yes,Debit Card,145.76,314.9,Yes
CUST1002,39,Male,9,Month-to-Month,Fiber Optic,No,Yes,UPI,148.22,4470.15,Yes
CUST1003,31,Male,36,Two Year,Fiber Optic,No,No,Debit Card,91.42,1770.86,Yes
CUST1004,43,Female,1,One Year,Fiber Optic,Yes,No,Credit Card,29.19,2367.32,Yes
CUST1005,45,Female,10,Month-to-Month,DSL,Yes,Yes,Debit Card,90.33,7292.73,No
CUST1006,40,Female,36,Month-to-Month,Fiber Optic,Yes,Yes,UPI,136.0,4072.25,No
CUST1007,31,Male,46,One Year,Fiber Optic,Yes,No,Bank Transfer,108.4,2225.21,No
CUST1008,41,Male,32,One Year,Fiber Optic,Yes,Yes,Bank Transfer,113.6,4827.85,Yes
CUST1009,19,Female,32,Month-to-Month,Fiber Optic,Yes,No,Debit Card,31.05,1693.2,Yes
CUST1010,62,Female,6,Two Year,Fiber Optic,No,Yes,Credit Card,33.85,687.73,No
CUST1011,43,Female,48,Month-to-Month,DSL,Yes,Yes,UPI,36.56,265.16,No
CUST1012,31,Male,38,Month-to-Month,Fiber Optic,Yes,No,Bank Transfer,137.57,7617.08,Yes
CUST1013,68,Female,17,One Year,DSL,Yes,No,Debit Card,88.36,5824.43,Yes
CUST1014,24,Female,27,Month-to-Month,Fiber Optic,No,No,Credit Card,122.9,6419.59,Yes
CUST1015,20,Male,54,Two Year,DSL,No,No,Credit Card,34.99,7849.25,Yes
CUST1016,64,Female,50,One Year,DSL,No,No,Bank Transfer,140.59,7459.87,Yes
CUST1017,40,Male,35,One Year,DSL,No,Yes,Bank Transfer,126.75,5921.61,No
CUST1018,63,Male,25,Month-to-Month,Fiber Optic,Yes,Yes,UPI,49.22,5582.5,No
CUST1019,60,Male,28,Month-to-Month,Fiber Optic,Yes,No,Credit Card,133.64,2761.11,Yes
CUST1020,64,Female,15,Month-to-Month,DSL,Yes,No,UPI,54.25,921.74,No
CUST1021,62,Female,4,Month-to-Month,DSL,No,Yes,Credit Card,46.69,4632.41,Yes
CUST1022,35,Male,27,One Year,No,Yes,Yes,Credit Card,54.35,4652.4,No
CUST1023,55,Female,26,Two Year,DSL,Yes,No,Debit Card,138.29,7622.67,No
CUST1024,52,Female,19,One Year,No,Yes,No,Bank Transfer,139.03,3596.31,No
CUST1025,68,Female,17,Two Year,DSL,No,Yes,Credit Card,62.77,5557.38,Yes
CUST1026,32,Female,43,One Year,Fiber Optic,No,No,UPI,111.71,4642.27,No
CUST1027,42,Male,41,Month-to-Month,DSL,No,Yes,Bank Transfer,107.85,1496.41,Yes
CUST1028,54,Female,42,Month-to-Month,No,Yes,Yes,UPI,124.85,4777.31,Yes
CUST1029,45,Male,50,One Year,Fiber Optic,Yes,No,Bank Transfer,58.55,4366.92,No
CUST1030,27,Male,40,Month-to-Month,Fiber Optic,Yes,Yes,Bank Transfer,86.32,4001.86,Yes
CUST1031,56,Female,39,Month-to-Month,DSL,Yes,Yes,Credit Card,106.8,4156.04,Yes
CUST1032,34,Male,23,Month-to-Month,Fiber Optic,No,Yes,Debit Card,23.41,1395.5,No
CUST1033,56,Female,52,Two Year,Fiber Optic,Yes,No,Credit Card,68.98,3761.47,No
CUST1034,39,Female,47,Month-to-Month,DSL,No,Yes,Bank Transfer,110.47,4884.66,Yes
CUST1035,43,Male,63,One Year,DSL,Yes,No,Credit Card,52.84,3966.65,No
CUST1036,61,Male,69,Two Year,Fiber Optic,No,Yes,Credit Card,144.5,3960.62,Yes
CUST1037,42,Male,43,Month-to-Month,DSL,Yes,Yes,Bank Transfer,23.92,712.39,No
CUST1038,34,Male,48,Month-to-Month,Fiber Optic,Yes,Yes,Bank Transfer,144.55,1607.12,Yes
CUST1039,30,Female,34,Month-to-Month,Fiber Optic,No,Yes,Credit Card,48.18,2635.68,No
CUST1040,37,Female,40,One Year,No,No,Yes,Credit Card,26.35,3412.84,No
CUST1041,42,Female,61,One Year,No,Yes,No,Credit Card,58.02,4792.11,Yes
CUST1042,21,Male,50,Two Year,No,Yes,No,UPI,122.22,6920.43,Yes
CUST1043,27,Male,67,One Year,DSL,Yes,Yes,Credit Card,117.82,1357.4,No
CUST1044,20,Male,62,Month-to-Month,No,No,No,UPI,47.15,219.2,Yes
CUST1045,58,Female,58,Month-to-Month,DSL,Yes,No,Debit Card,45.58,3648.97,No
CUST1046,62,Male,33,One Year,Fiber Optic,No,Yes,UPI,103.54,3513.61,No
CUST1047,35,Female,16,Month-to-Month,Fiber Optic,Yes,No,Credit Card,79.55,4460.02,Yes
CUST1048,64,Male,48,Month-to-Month,DSL,Yes,No,Debit Card,123.0,6682.45,Yes
CUST1049,53,Female,10,Month-to-Month,No,Yes,No,UPI,23.14,6438.65,No
CUST1050,64,Female,38,Month-to-Month,DSL,Yes,No,UPI,99.35,890.34,No
CUST1051,39,Male,19,Month-to-Month,Fiber Optic,No,Yes,Bank Transfer,114.99,7478.56,Yes
CUST1052,51,Male,36,Month-to-Month,Fiber Optic,No,No,Debit Card,149.14,972.27,Yes
CUST1053,64,Female,59,Month-to-Month,Fiber Optic,Yes,Yes,Bank Transfer,108.24,5113.11,Yes
CUST1054,25,Female,63,Month-to-Month,DSL,Yes,Yes,Debit Card,50.14,5412.01,Yes
CUST1055,57,Male,46,One Year,Fiber Optic,Yes,No,UPI,34.06,5471.03,Yes
CUST1056,66,Male,3,Two Year,Fiber Optic,No,Yes,Bank Transfer,103.32,2196.27,No
CUST1057,61,Female,65,Month-to-Month,DSL,Yes,No,Credit Card,88.01,2709.73,No
CUST1058,36,Male,8,One Year,Fiber Optic,No,Yes,UPI,136.89,4434.55,No
CUST1059,59,Female,51,Month-to-Month,DSL,No,No,Debit Card,114.46,1676.74,Yes
CUST1060,58,Female,6,Month-to-Month,Fiber Optic,No,No,Debit Card,86.27,260.45,Yes
CUST1061,54,Male,39,Two Year,No,No,Yes,Bank Transfer,72.47,4540.94,No
CUST1062,23,Male,60,One Year,Fiber Optic,Yes,No,Bank Transfer,72.57,3775.7,No
CUST1063,69,Male,28,Two Year,Fiber Optic,Yes,No,Debit Card,49.42,5288.18,Yes
CUST1064,43,Male,54,Month-to-Month,Fiber Optic,No,No,UPI,22.25,1258.93,Yes
CUST1065,51,Male,37,Month-to-Month,Fiber Optic,Yes,No,Bank Transfer,94.74,6743.31,No
CUST1066,62,Female,9,Two Year,DSL,Yes,Yes,Credit Card,47.61,1255.15,No
CUST1067,23,Female,56,Month-to-Month,DSL,Yes,Yes,Debit Card,47.08,7141.61,Yes
CUST1068,54,Male,59,Month-to-Month,Fiber Optic,No,Yes,Credit Card,36.3,3651.22,No
CUST1069,50,Male,2,One Year,Fiber Optic,Yes,No,Debit Card,44.65,4443.46,No
CUST1070,70,Male,61,Two Year,Fiber Optic,Yes,Yes,Credit Card,24.13,7182.99,No
CUST1071,39,Female,58,Two Year,DSL,Yes,No,UPI,107.65,2469.31,No
CUST1072,38,Male,60,Month-to-Month,Fiber Optic,Yes,No,Debit Card,72.18,1536.43,No
CUST1073,23,Male,40,Two Year,DSL,Yes,No,UPI,93.0,3621.44,No
CUST1074,23,Female,36,Month-to-Month,No,Yes,Yes,Bank Transfer,102.8,2030.5,Yes
CUST1075,65,Female,37,Month-to-Month,Fiber Optic,Yes,Yes,Debit Card,146.42,4269.97,Yes
CUST1076,21,Male,18,One Year,DSL,Yes,Yes,UPI,28.87,2274.54,No
CUST1077,47,Male,63,Month-to-Month,DSL,Yes,Yes,Credit Card,74.33,6929.47,No
CUST1078,28,Male,22,Month-to-Month,No,Yes,No,UPI,51.97,4897.86,Yes
CUST1079,47,Female,11,One Year,DSL,No,Yes,Debit Card,81.97,101.9,Yes
CUST1080,48,Male,58,Month-to-Month,Fiber Optic,Yes,Yes,UPI,139.66,6463.24,Yes
CUST1081,41,Male,57,Month-to-Month,DSL,No,Yes,Credit Card,114.12,2708.68,Yes
CUST1082,26,Male,4,Month-to-Month,No,Yes,Yes,Credit Card,106.05,2629.64,Yes
CUST1083,20,Female,7,Month-to-Month,No,No,No,Credit Card,77.36,3126.2,Yes
CUST1084,68,Female,61,Month-to-Month,Fiber Optic,No,Yes,Bank Transfer,107.24,5079.07,No
CUST1085,48,Male,54,One Year,DSL,Yes,Yes,Debit Card,24.21,3592.28,No
CUST1086,57,Male,68,One Year,DSL,No,Yes,Credit Card,96.21,5066.22,No
CUST1087,54,Female,1,Month-to-Month,Fiber Optic,No,No,Bank Transfer,91.99,1259.57,Yes
CUST1088,53,Female,55,Two Year,Fiber Optic,No,Yes,Credit Card,65.06,7764.3,Yes
CUST1089,41,Female,3,Month-to-Month,DSL,Yes,Yes,UPI,46.2,5863.89,No
CUST1090,48,Female,38,Month-to-Month,DSL,No,Yes,Debit Card,124.98,2076.64,Yes
CUST1091,23,Female,1,Two Year,Fiber Optic,No,No,UPI,27.0,5820.94,Yes
CUST1092,19,Female,38,Month-to-Month,Fiber Optic,Yes,No,Bank Transfer,29.06,4642.7,Yes
CUST1093,37,Female,29,Two Year,DSL,No,Yes,UPI,77.27,962.59,No
CUST1094,45,Female,5,Month-to-Month,DSL,No,Yes,UPI,52.83,1507.75,Yes
CUST1095,28,Female,21,One Year,No,No,No,Credit Card,116.91,426.33,Yes
CUST1096,21,Male,71,Month-to-Month,Fiber Optic,Yes,No,UPI,102.44,6492.98,No
CUST1097,32,Male,67,Month-to-Month,Fiber Optic,No,No,Credit Card,120.43,4458.47,No
CUST1098,23,Male,47,Month-to-Month,Fiber Optic,Yes,No,Credit Card,62.21,2602.31,Yes
CUST1099,66,Female,35,One Year,DSL,No,No,Debit Card,116.27,1098.12,No
CUST1100,47,Male,68,Month-to-Month,DSL,No,Yes,Bank Transfer,132.1,3923.96,No
CUST1101,55,Female,69,Two Year,DSL,No,Yes,Bank Transfer,64.89,4249.56,No
CUST1102,68,Female,1,Month-to-Month,Fiber Optic,No,Yes,Bank Transfer,64.19,5645.39,Yes
CUST1103,19,Male,68,Month-to-Month,Fiber Optic,Yes,Yes,Credit Card,136.99,7762.5,Yes
CUST1104,32,Female,12,Month-to-Month,DSL,No,No,Bank Transfer,26.47,3536.07,Yes
CUST1105,28,Male,60,One Year,No,Yes,No,Credit Card,65.52,3307.67,No
CUST1106,25,Male,27,Two Year,DSL,No,No,Debit Card,35.43,3022.45,No
CUST1107,43,Male,56,Month-to-Month,No,Yes,No,Bank Transfer,23.77,6632.7,No
CUST1108,68,Female,23,One Year,No,No,No,Credit Card,34.67,1334.91,No
CUST1109,62,Male,25,Month-to-Month,DSL,No,Yes,Bank Transfer,76.06,2816.12,No
CUST1110,61,Female,21,One Year,DSL,Yes,Yes,Bank Transfer,109.3,5827.27,No
CUST1111,22,Male,61,Two Year,Fiber Optic,Yes,Yes,Debit Card,57.61,223.99,No
CUST1112,23,Male,63,Month-to-Month,Fiber Optic,Yes,Yes,UPI,130.46,2386.11,No
CUST1113,43,Male,52,Month-to-Month,Fiber Optic,Yes,Yes,Bank Transfer,76.89,5167.43,Yes
CUST1114,21,Female,25,Two Year,No,No,No,Debit Card,145.87,1569.02,Yes
CUST1115,36,Female,55,Two Year,Fiber Optic,Yes,No,Bank Transfer,144.04,2491.41,Yes
CUST1116,37,Female,46,One Year,DSL,Yes,No,Bank Transfer,120.53,3939.76,No
CUST1117,50,Male,32,Month-to-Month,DSL,Yes,No,Bank Transfer,141.21,3433.99,Yes
CUST1118,37,Male,55,Month-to-Month,Fiber Optic,No,No,Bank Transfer,111.92,937.61,Yes
CUST1119,66,Female,5,Month-to-Month,DSL,No,Yes,UPI,136.43,7512.06,Yes
CUST1120,29,Female,36,Two Year,Fiber Optic,No,Yes,UPI,50.74,449.91,No
CUST1121,64,Female,49,One Year,DSL,No,Yes,Bank Transfer,64.9,6022.97,No
CUST1122,18,Female,58,Month-to-Month,DSL,Yes,No,Bank Transfer,117.88,664.24,No
CUST1123,43,Female,39,Month-to-Month,DSL,No,No,Debit Card,75.19,3791.64,Yes
CUST1124,31,Female,61,Month-to-Month,Fiber Optic,Yes,No,Debit Card,128.85,1485.75,Yes
CUST1125,55,Male,9,Month-to-Month,DSL,No,No,Credit Card,134.09,1214.67,No
CUST1126,54,Female,6,Month-to-Month,Fiber Optic,Yes,Yes,UPI,58.96,1094.59,No
CUST1127,28,Male,35,Month-to-Month,Fiber Optic,Yes,No,Bank Transfer,127.05,3677.01,Yes
CUST1128,53,Male,39,Month-to-Month,Fiber Optic,Yes,Yes,UPI,40.05,4172.33,Yes
CUST1129,30,Female,22,Month-to-Month,Fiber Optic,Yes,No,Debit Card,63.45,1153.74,Yes
CUST1130,60,Female,41,Month-to-Month,DSL,Yes,Yes,UPI,87.34,7837.23,Yes
CUST1131,20,Male,5,Month-to-Month,Fiber Optic,No,No,UPI,49.44,2136.35,Yes
CUST1132,50,Female,42,Month-to-Month,DSL,Yes,No,Bank Transfer,95.3,3724.85,Yes
CUST1133,23,Female,67,Month-to-Month,Fiber Optic,Yes,Yes,Bank Transfer,95.23,1808.53,Yes
CUST1134,67,Male,30,Month-to-Month,DSL,Yes,Yes,Debit Card,46.9,4001.99,No
CUST1135,27,Male,57,Month-to-Month,Fiber Optic,Yes,No,Bank Transfer,123.43,6072.53,Yes
CUST1136,22,Male,29,Month-to-Month,No,No,Yes,Debit Card,102.11,4216.71,No
CUST1137,40,Female,37,One Year,Fiber Optic,No,No,Debit Card,61.31,2356.63,No
CUST1138,27,Male,13,Two Year,Fiber Optic,Yes,No,Credit Card,50.18,2062.33,Yes
CUST1139,61,Female,32,One Year,Fiber Optic,Yes,Yes,Credit Card,134.24,6095.58,No
CUST1140,19,Male,46,Month-to-Month,DSL,Yes,No,Credit Card,128.65,1034.08,Yes
CUST1141,30,Male,23,Two Year,No,Yes,No,UPI,49.87,3022.74,No
CUST1142,57,Male,45,One Year,DSL,No,Yes,Credit Card,24.63,1296.71,No
CUST1143,19,Female,17,Month-to-Month,No,No,No,Bank Transfer,124.59,2138.01,Yes
CUST1144,37,Female,66,Month-to-Month,Fiber Optic,Yes,No,Bank Transfer,100.02,1306.2,Yes
CUST1145,18,Male,6,Two Year,Fiber Optic,Yes,No,Credit Card,33.11,7105.5,Yes
CUST1146,54,Male,18,Month-to-Month,Fiber Optic,Yes,No,UPI,96.36,5882.04,Yes
CUST1147,26,Male,22,Month-to-Month,Fiber Optic,Yes,Yes,Debit Card,78.78,4531.33,No
CUST1148,34,Female,33,One Year,Fiber Optic,Yes,Yes,UPI,120.69,1872.96,No
CUST1149,26,Male,30,Two Year,DSL,No,Yes,UPI,47.18,4130.79,No
CUST1150,28,Female,32,Month-to-Month,Fiber Optic,No,No,Debit Card,78.91,4214.58,Yes
CUST1151,32,Male,42,Month-to-Month,Fiber Optic,Yes,Yes,Debit Card,40.31,4764.19,Yes
CUST1152,41,Male,10,Month-to-Month,No,No,Yes,Debit Card,144.48,574.67,No
CUST1153,55,Male,36,One Year,Fiber Optic,No,Yes,Bank Transfer,121.24,7785.93,No
CUST1154,52,Male,34,Month-to-Month,DSL,No,No,Debit Card,115.77,3776.97,Yes
CUST1155,47,Male,28,Month-to-Month,DSL,Yes,Yes,Debit Card,109.73,7419.6,Yes
CUST1156,48,Male,11,Two Year,Fiber Optic,No,Yes,UPI,75.03,177.48,No
CUST1157,66,Female,39,Month-to-Month,DSL,No,No,UPI,140.03,2055.71,Yes
CUST1158,22,Male,47,One Year,DSL,Yes,No,Credit Card,29.48,921.57,Yes
CUST1159,61,Female,19,Month-to-Month,Fiber Optic,No,No,UPI,124.42,6179.97,Yes
CUST1160,67,Male,15,Month-to-Month,Fiber Optic,Yes,No,Debit Card,47.98,2628.99,Yes
CUST1161,31,Male,28,One Year,Fiber Optic,No,No,Bank Transfer,62.12,6739.89,No
CUST1162,70,Female,24,Month-to-Month,DSL,Yes,No,UPI,87.53,6675.84,No
CUST1163,28,Male,72,Month-to-Month,Fiber Optic,Yes,Yes,UPI,121.75,5375.58,Yes
CUST1164,26,Female,9,Month-to-Month,DSL,No,Yes,Debit Card,129.01,5359.68,No
CUST1165,51,Female,47,One Year,Fiber Optic,No,No,UPI,95.89,5631.26,No
CUST1166,29,Male,33,Two Year,DSL,Yes,No,UPI,72.39,5422.73,No
CUST1167,52,Female,62,Two Year,No,Yes,Yes,Debit Card,143.05,3156.58,No
CUST1168,52,Female,19,Month-to-Month,Fiber Optic,No,No,UPI,52.05,5494.34,Yes
CUST1169,18,Male,67,Month-to-Month,Fiber Optic,No,No,Bank Transfer,124.4,7189.52,Yes
CUST1170,57,Female,40,Month-to-Month,Fiber Optic,No,Yes,Credit Card,99.57,2727.33,No
CUST1171,39,Male,47,Two Year,Fiber Optic,No,No,UPI,69.0,7564.62,Yes
CUST1172,46,Male,65,Month-to-Month,DSL,Yes,No,Bank Transfer,20.18,207.29,No
CUST1173,25,Male,29,Two Year,Fiber Optic,Yes,Yes,UPI,78.06,2857.75,No
CUST1174,28,Male,50,Month-to-Month,DSL,Yes,Yes,Credit Card,55.97,1143.58,Yes
CUST1175,58,Female,13,Two Year,No,No,Yes,Debit Card,33.57,1100.3,No
CUST1176,54,Male,1,Two Year,Fiber Optic,No,Yes,Credit Card,29.77,6541.89,No
CUST1177,31,Male,34,Two Year,DSL,Yes,Yes,UPI,65.18,7355.11,No
CUST1178,47,Female,48,Month-to-Month,Fiber Optic,Yes,No,Credit Card,99.92,6244.29,Yes
CUST1179,52,Male,48,Month-to-Month,Fiber Optic,Yes,No,Credit Card,128.88,7815.26,No
CUST1180,38,Male,49,Month-to-Month,DSL,Yes,No,Debit Card,43.86,1809.0,Yes
CUST1181,54,Female,64,Month-to-Month,No,Yes,No,UPI,75.2,1212.32,Yes
CUST1182,22,Female,61,Month-to-Month,Fiber Optic,Yes,No,Credit Card,70.95,4213.56,No
CUST1183,36,Female,29,Month-to-Month,Fiber Optic,No,Yes,Credit Card,86.74,6649.4,No
CUST1184,31,Female,39,Month-to-Month,Fiber Optic,Yes,No,Debit Card,125.25,414.73,Yes
CUST1185,43,Female,26,One Year,DSL,Yes,No,Bank Transfer,91.97,7964.97,No
CUST1186,21,Female,17,One Year,No,Yes,No,UPI,130.07,4857.74,No
CUST1187,42,Female,71,Month-to-Month,DSL,Yes,No,Bank Transfer,87.41,7833.64,No
CUST1188,62,Male,13,Two Year,DSL,Yes,No,Bank Transfer,98.5,2984.14,Yes
CUST1189,59,Female,69,Month-to-Month,Fiber Optic,Yes,Yes,Debit Card,76.86,3718.39,Yes
CUST1190,42,Female,26,Month-to-Month,Fiber Optic,Yes,No,Debit Card,127.0,6043.66,No
CUST1191,35,Female,49,Month-to-Month,Fiber Optic,No,No,UPI,140.1,6362.33,Yes
CUST1192,57,Male,67,Two Year,DSL,Yes,No,Bank Transfer,103.09,1940.96,No
CUST1193,25,Male,7,Month-to-Month,DSL,No,No,Credit Card,126.7,7445.43,Yes
CUST1194,56,Female,58,Month-to-Month,DSL,No,No,Bank Transfer,27.67,6952.64,No
CUST1195,57,Female,49,One Year,No,No,No,Debit Card,137.79,243.82,No
CUST1196,31,Female,53,Month-to-Month,DSL,Yes,Yes,Credit Card,44.56,1115.69,No
CUST1197,49,Male,65,One Year,Fiber Optic,Yes,No,Credit Card,53.35,4019.17,No
CUST1198,68,Male,62,Two Year,Fiber Optic,Yes,Yes,Debit Card,26.93,3741.55,Yes
CUST1199,55,Female,17,Two Year,Fiber Optic,Yes,Yes,Credit Card,145.5,5696.29,Yes
CUST1200,50,Male,43,Month-to-Month,No,Yes,No,Bank Transfer,130.76,808.72,No
CUST1201,40,Female,25,Month-to-Month,DSL,Yes,No,Debit Card,138.71,5194.36,No
CUST1202,32,Male,3,Month-to-Month,DSL,Yes,No,UPI,130.14,4969.32,Yes
CUST1203,50,Male,29,Month-to-Month,Fiber Optic,Yes,Yes,Debit Card,82.34,1945.59,No
CUST1204,42,Female,32,Month-to-Month,DSL,Yes,No,UPI,140.13,4384.91,Yes
CUST1205,34,Female,26,Month-to-Month,Fiber Optic,Yes,No,UPI,146.03,1855.44,Yes
CUST1206,50,Female,16,Two Year,Fiber Optic,No,No,Debit Card,85.33,1260.69,Yes
CUST1207,64,Female,25,Two Year,No,Yes,Yes,Debit Card,42.83,4627.77,No
CUST1208,19,Male,54,Month-to-Month,DSL,Yes,Yes,UPI,105.62,7822.05,No
CUST1209,31,Male,28,Month-to-Month,No,Yes,No,UPI,146.81,1971.77,Yes
CUST1210,70,Male,56,Month-to-Month,DSL,No,Yes,Credit Card,133.38,2907.16,Yes
CUST1211,57,Female,65,Month-to-Month,Fiber Optic,Yes,No,Debit Card,132.04,2126.93,Yes
CUST1212,57,Male,41,One Year,Fiber Optic,Yes,Yes,Debit Card,141.4,2205.03,No
CUST1213,68,Female,51,One Year,Fiber Optic,No,No,Credit Card,136.21,3293.12,No
CUST1214,56,Male,71,Two Year,Fiber Optic,Yes,Yes,Debit Card,120.92,5644.66,No
CUST1215,68,Female,29,One Year,No,No,No,Credit Card,113.38,406.56,No
CUST1216,23,Female,19,Month-to-Month,No,No,No,Credit Card,54.42,7661.28,Yes
CUST1217,23,Male,66,One Year,No,No,Yes,Debit Card,100.77,465.61,No
CUST1218,20,Female,41,Month-to-Month,DSL,No,Yes,Bank Transfer,87.79,7061.9,Yes
CUST1219,24,Female,45,One Year,No,Yes,Yes,UPI,132.05,7165.59,No
CUST1220,68,Male,15,Month-to-Month,Fiber Optic,No,Yes,Debit Card,83.92,4243.46,Yes
CUST1221,25,Female,3,Month-to-Month,DSL,No,Yes,Bank Transfer,36.61,1182.27,Yes
CUST1222,59,Female,11,Month-to-Month,DSL,Yes,No,Credit Card,20.65,4564.65,Yes
CUST1223,69,Female,53,Month-to-Month,DSL,Yes,No,Bank Transfer,108.12,5066.19,Yes
CUST1224,32,Male,46,Two Year,DSL,Yes,Yes,Debit Card,91.49,6876.3,Yes
CUST1225,64,Male,30,Month-to-Month,Fiber Optic,No,No,Debit Card,63.03,4452.07,No
CUST1226,46,Female,57,Month-to-Month,No,Yes,No,Bank Transfer,41.97,3344.6,Yes
CUST1227,50,Male,18,Month-to-Month,Fiber Optic,No,Yes,Debit Card,80.67,6722.5,No
CUST1228,69,Female,51,One Year,Fiber Optic,No,No,UPI,33.04,7849.52,No
CUST1229,47,Female,48,Month-to-Month,No,Yes,No,Bank Transfer,63.69,5196.32,No
CUST1230,56,Female,66,Two Year,DSL,Yes,Yes,Credit Card,69.3,7007.66,No
CUST1231,44,Female,8,Two Year,No,Yes,Yes,Bank Transfer,80.53,4830.01,Yes
CUST1232,53,Female,22,One Year,Fiber Optic,Yes,No,Bank Transfer,80.66,5549.33,No
CUST1233,46,Male,6,One Year,Fiber Optic,Yes,Yes,Bank Transfer,53.41,5536.52,No
CUST1234,55,Female,57,Month-to-Month,DSL,Yes,No,Bank Transfer,130.53,5667.82,No
CUST1235,50,Male,36,Month-to-Month,Fiber Optic,No,Yes,Credit Card,66.22,2636.01,No
CUST1236,54,Male,57,One Year,DSL,No,Yes,Credit Card,49.85,4647.73,Yes
CUST1237,44,Female,49,Month-to-Month,Fiber Optic,Yes,Yes,Credit Card,42.86,4793.67,Yes
CUST1238,50,Female,45,Month-to-Month,DSL,No,Yes,Bank Transfer,61.94,2589.07,No
CUST1239,21,Male,66,One Year,No,No,No,UPI,28.78,2863.83,Yes
CUST1240,39,Male,45,Month-to-Month,Fiber Optic,No,Yes,UPI,24.28,6121.75,Yes
CUST1241,19,Male,20,Two Year,DSL,No,Yes,Credit Card,98.67,4703.52,No
CUST1242,27,Female,64,Month-to-Month,Fiber Optic,No,No,UPI,100.49,1278.77,Yes
CUST1243,22,Male,67,One Year,DSL,No,No,UPI,88.85,6717.33,No
CUST1244,27,Female,3,Month-to-Month,Fiber Optic,Yes,No,UPI,119.1,7076.6,No
CUST1245,50,Female,54,One Year,No,Yes,No,UPI,25.09,3782.52,Yes
CUST1246,55,Female,64,Month-to-Month,Fiber Optic,Yes,Yes,UPI,141.68,1750.37,No
CUST1247,30,Male,40,Month-to-Month,DSL,No,No,Debit Card,32.36,7586.09,Yes
CUST1248,48,Female,59,Two Year,Fiber Optic,Yes,Yes,Credit Card,107.62,7069.93,Yes
CUST1249,64,Female,55,Month-to-Month,Fiber Optic,Yes,No,Bank Transfer,37.34,2030.62,No
CUST1250,53,Female,62,Month-to-Month,Fiber Optic,Yes,Yes,UPI,134.39,855.19,No
CUST1251,62,Female,4,Month-to-Month,DSL,No,No,Debit Card,86.39,3581.16,Yes
CUST1252,41,Female,60,One Year,Fiber Optic,Yes,Yes,Bank Transfer,30.7,5443.54,No
CUST1253,69,Male,30,Month-to-Month,Fiber Optic,No,Yes,Debit Card,100.17,1485.57,No
CUST1254,32,Female,2,Two Year,DSL,Yes,No,UPI,21.18,4154.38,No
CUST1255,46,Female,62,Month-to-Month,DSL,Yes,Yes,UPI,120.88,3460.78,Yes
CUST1256,25,Male,49,Month-to-Month,Fiber Optic,Yes,Yes,UPI,104.58,7135.35,Yes
CUST1257,22,Female,9,One Year,Fiber Optic,No,Yes,UPI,47.64,3493.58,No
CUST1258,46,Male,31,One Year,No,No,Yes,Bank Transfer,68.72,4316.83,No
CUST1259,64,Female,61,Two Year,Fiber Optic,No,No,Bank Transfer,21.01,7646.76,No
CUST1260,21,Male,48,Two Year,Fiber Optic,No,Yes,Debit Card,110.18,2467.56,Yes
CUST1261,29,Male,25,Month-to-Month,DSL,No,Yes,Credit Card,61.95,2383.03,No
CUST1262,62,Female,36,Month-to-Month,No,Yes,No,UPI,94.31,6416.8,No
CUST1263,19,Female,8,Month-to-Month,No,Yes,No,Debit Card,144.37,2292.56,Yes
CUST1264,44,Female,58,One Year,No,No,No,Debit Card,58.93,6671.74,Yes
CUST1265,48,Male,45,Two Year,Fiber Optic,No,Yes,Debit Card,148.73,854.73,No
CUST1266,68,Male,62,Month-to-Month,DSL,Yes,Yes,UPI,102.25,978.96,Yes
CUST1267,68,Male,39,Month-to-Month,Fiber Optic,No,No,UPI,51.47,7220.45,No
CUST1268,53,Female,58,Month-to-Month,Fiber Optic,Yes,Yes,Debit Card,76.78,4372.42,Yes
CUST1269,53,Male,64,Two Year,DSL,No,No,UPI,116.26,5778.63,Yes
CUST1270,43,Male,44,Month-to-Month,Fiber Optic,Yes,Yes,Debit Card,78.04,1879.78,No
CUST1271,60,Female,29,Month-to-Month,DSL,No,No,Bank Transfer,28.91,1413.57,Yes
CUST1272,44,Male,59,Month-to-Month,DSL,No,Yes,UPI,41.92,6696.14,Yes
CUST1273,22,Male,71,Two Year,Fiber Optic,Yes,No,Bank Transfer,122.87,2933.12,No
CUST1274,37,Female,9,One Year,Fiber Optic,Yes,Yes,Credit Card,104.29,3694.76,Yes
CUST1275,28,Male,6,One Year,No,No,No,UPI,94.08,320.98,Yes
CUST1276,27,Female,29,Month-to-Month,DSL,No,Yes,Credit Card,41.79,3148.46,No
CUST1277,57,Female,58,Month-to-Month,DSL,Yes,Yes,Debit Card,128.91,6186.46,Yes
CUST1278,55,Female,17,One Year,DSL,No,Yes,UPI,144.9,6588.07,Yes
CUST1279,23,Female,16,Two Year,DSL,Yes,No,UPI,25.32,5620.16,No
CUST1280,25,Female,3,Month-to-Month,DSL,Yes,Yes,UPI,30.14,5568.22,No
CUST1281,40,Male,21,Month-to-Month,Fiber Optic,No,Yes,Credit Card,135.01,4099.29,Yes
CUST1282,64,Male,64,Month-to-Month,Fiber Optic,Yes,Yes,Credit Card,126.02,4352.8,Yes
CUST1283,43,Female,36,Month-to-Month,Fiber Optic,Yes,No,Debit Card,100.33,5966.79,No
CUST1284,63,Female,62,Two Year,No,No,Yes,Bank Transfer,142.85,2053.68,No
CUST1285,60,Male,42,Month-to-Month,Fiber Optic,Yes,No,Bank Transfer,104.04,1928.98,Yes
CUST1286,29,Female,42,Month-to-Month,DSL,Yes,Yes,Credit Card,48.08,7604.41,Yes
CUST1287,43,Female,61,Month-to-Month,DSL,Yes,No,UPI,114.72,318.75,No
CUST1288,30,Female,13,Month-to-Month,No,Yes,No,Bank Transfer,103.94,1201.78,No
CUST1289,57,Male,11,Month-to-Month,Fiber Optic,No,Yes,Bank Transfer,148.15,4605.63,Yes
CUST1290,35,Male,54,Month-to-Month,Fiber Optic,Yes,No,Credit Card,47.81,5928.9,No
CUST1291,42,Female,16,Month-to-Month,No,No,No,Debit Card,97.73,4349.34,No
CUST1292,50,Female,8,One Year,No,Yes,Yes,Credit Card,121.42,2905.01,Yes
CUST1293,64,Male,59,Month-to-Month,No,No,No,Credit Card,64.07,7826.01,No
CUST1294,57,Male,57,Month-to-Month,Fiber Optic,Yes,No,UPI,69.36,5660.44,No
CUST1295,60,Female,40,Two Year,DSL,No,No,Credit Card,135.43,6667.99,No
CUST1296,29,Female,59,One Year,No,Yes,No,UPI,72.55,417.95,Yes
CUST1297,61,Male,2,One Year,Fiber Optic,Yes,Yes,Debit Card,101.22,1963.77,Yes
CUST1298,53,Male,10,Month-to-Month,DSL,Yes,No,UPI,135.6,3055.95,No
CUST1299,65,Male,44,Month-to-Month,Fiber Optic,Yes,No,Debit Card,47.28,1542.55,Yes
CUST1300,21,Female,11,Month-to-Month,Fiber Optic,No,Yes,Debit Card,147.64,675.9,No
CUST1301,22,Male,2,Month-to-Month,No,No,Yes,Debit Card,111.25,1878.22,Yes
CUST1302,54,Female,50,Month-to-Month,Fiber Optic,Yes,No,Credit Card,84.5,4315.72,Yes
CUST1303,25,Male,12,Two Year,DSL,No,Yes,UPI,76.02,5596.39,No
CUST1304,59,Male,23,Month-to-Month,No,Yes,Yes,Bank Transfer,144.07,6214.77,Yes
CUST1305,66,Male,18,Month-to-Month,Fiber Optic,Yes,Yes,Credit Card,46.74,439.2,No
CUST1306,45,Male,62,One Year,Fiber Optic,No,Yes,Debit Card,60.52,3481.09,Yes
CUST1307,48,Female,62,Month-to-Month,DSL,No,Yes,Bank Transfer,60.01,1065.47,No
CUST1308,26,Female,38,One Year,Fiber Optic,No,Yes,Credit Card,57.57,3506.48,No
CUST1309,68,Male,67,One Year,Fiber Optic,Yes,Yes,Bank Transfer,80.91,3528.41,No
CUST1310,46,Female,38,One Year,DSL,Yes,Yes,Debit Card,148.59,4035.87,Yes
CUST1311,31,Male,67,Two Year,DSL,No,Yes,Bank Transfer,135.54,7153.36,No
CUST1312,57,Male,61,Month-to-Month,Fiber Optic,Yes,No,Bank Transfer,62.63,6460.25,Yes
CUST1313,58,Male,1,Month-to-Month,Fiber Optic,No,No,Debit Card,74.97,5130.09,Yes
CUST1314,39,Male,45,Two Year,Fiber Optic,No,No,Bank Transfer,107.03,7094.72,No
CUST1315,28,Female,28,One Year,DSL,No,No,Credit Card,22.23,5459.9,Yes
CUST1316,40,Male,21,Month-to-Month,Fiber Optic,No,No,Bank Transfer,126.62,6568.95,No
CUST1317,18,Male,13,Two Year,Fiber Optic,No,Yes,UPI,134.37,4553.85,Yes
CUST1318,63,Female,27,Month-to-Month,DSL,No,Yes,Credit Card,131.44,4249.22,Yes
CUST1319,54,Male,7,Two Year,DSL,Yes,No,Bank Transfer,68.76,5820.37,No
CUST1320,38,Male,22,Month-to-Month,Fiber Optic,Yes,No,UPI,80.06,255.55,No
CUST1321,43,Male,53,Month-to-Month,No,No,Yes,UPI,21.61,5553.98,No
CUST1322,63,Female,4,Two Year,Fiber Optic,No,No,UPI,71.92,7482.69,Yes
CUST1323,53,Male,23,Month-to-Month,DSL,No,Yes,Bank Transfer,79.86,5740.14,No
CUST1324,40,Female,70,Month-to-Month,DSL,Yes,No,Debit Card,137.91,390.67,Yes
CUST1325,18,Male,33,Month-to-Month,No,No,Yes,UPI,136.22,3085.3,No
CUST1326,68,Male,28,Two Year,DSL,No,No,Debit Card,145.59,6495.69,Yes
CUST1327,57,Female,8,Two Year,Fiber Optic,No,Yes,Credit Card,135.06,7673.01,Yes
CUST1328,32,Male,1,One Year,Fiber Optic,Yes,No,Debit Card,21.07,3024.29,No
CUST1329,38,Male,37,One Year,DSL,No,No,Debit Card,103.39,6745.43,Yes
CUST1330,64,Female,63,Two Year,Fiber Optic,Yes,Yes,Debit Card,28.87,6924.1,No
CUST1331,26,Female,22,Month-to-Month,Fiber Optic,Yes,Yes,Debit Card,55.44,1073.96,Yes
CUST1332,70,Female,70,Month-to-Month,Fiber Optic,No,No,Debit Card,95.18,6781.73,Yes
CUST1333,26,Female,21,One Year,DSL,Yes,No,Credit Card,111.08,2661.57,Yes
CUST1334,27,Female,35,Month-to-Month,DSL,Yes,Yes,Credit Card,105.1,4786.58,Yes
CUST1335,69,Male,5,Month-to-Month,Fiber Optic,Yes,Yes,Debit Card,26.38,4357.8,Yes
CUST1336,70,Female,60,Month-to-Month,Fiber Optic,No,Yes,Debit Card,33.47,5338.13,Yes
CUST1337,43,Male,46,Month-to-Month,DSL,Yes,No,UPI,36.72,5949.67,Yes
CUST1338,58,Male,50,Two Year,DSL,No,No,Credit Card,31.88,3582.96,Yes
CUST1339,52,Male,48,Month-to-Month,DSL,No,Yes,Bank Transfer,43.17,7117.66,No
CUST1340,69,Female,6,One Year,No,No,No,Credit Card,109.5,6495.04,No
CUST1341,42,Female,56,Month-to-Month,Fiber Optic,Yes,No,Bank Transfer,128.01,6304.83,Yes
CUST1342,43,Male,59,Month-to-Month,No,No,Yes,UPI,73.15,3720.15,Yes
CUST1343,28,Female,29,Month-to-Month,DSL,Yes,No,Debit Card,110.06,396.83,No
CUST1344,55,Female,71,One Year,No,Yes,Yes,UPI,46.0,3988.83,No
CUST1345,19,Female,18,One Year,DSL,Yes,Yes,Debit Card,146.53,7197.72,No
CUST1346,24,Female,2,Two Year,Fiber Optic,Yes,No,Credit Card,65.5,1604.56,No
CUST1347,35,Male,8,One Year,Fiber Optic,No,No,Debit Card,129.96,7862.48,Yes
CUST1348,44,Male,54,One Year,DSL,No,Yes,Bank Transfer,142.9,6480.76,No
CUST1349,51,Female,38,One Year,Fiber Optic,Yes,Yes,Bank Transfer,132.41,5707.66,No
CUST1350,44,Male,48,Two Year,DSL,No,Yes,UPI,28.72,5449.56,Yes
CUST1351,34,Female,27,One Year,DSL,No,No,Credit Card,104.54,4737.5,No
CUST1352,60,Female,20,Month-to-Month,Fiber Optic,No,Yes,Bank Transfer,35.61,5793.3,No
CUST1353,61,Male,12,Month-to-Month,Fiber Optic,Yes,Yes,UPI,20.74,3433.05,No
CUST1354,68,Male,43,One Year,Fiber Optic,No,Yes,Credit Card,26.73,6777.78,No
CUST1355,41,Male,61,One Year,Fiber Optic,Yes,Yes,Credit Card,139.1,5601.13,No
CUST1356,42,Female,31,Month-to-Month,Fiber Optic,No,No,UPI,138.1,6192.9,Yes
CUST1357,24,Male,61,Two Year,DSL,Yes,No,Bank Transfer,49.36,6360.65,No
CUST1358,69,Female,67,Two Year,DSL,Yes,Yes,Bank Transfer,91.12,827.35,Yes
CUST1359,23,Male,35,Month-to-Month,No,Yes,No,UPI,144.15,539.56,Yes
CUST1360,70,Male,15,Two Year,DSL,No,No,Bank Transfer,84.57,6427.79,No
CUST1361,41,Female,16,Month-to-Month,Fiber Optic,Yes,No,UPI,71.17,2149.13,No
CUST1362,50,Female,13,Month-to-Month,DSL,No,Yes,Bank Transfer,82.82,4697.56,No
CUST1363,66,Female,35,Month-to-Month,Fiber Optic,Yes,No,Bank Transfer,122.73,3605.32,Yes
CUST1364,46,Female,59,Month-to-Month,Fiber Optic,No,No,UPI,82.05,274.11,Yes
CUST1365,60,Female,21,Two Year,DSL,Yes,Yes,UPI,121.83,418.22,Yes
CUST1366,39,Female,54,Month-to-Month,DSL,No,Yes,Bank Transfer,76.12,6634.29,Yes
CUST1367,43,Female,30,Month-to-Month,Fiber Optic,Yes,No,UPI,52.76,4900.65,Yes
CUST1368,45,Female,48,Month-to-Month,Fiber Optic,Yes,No,Bank Transfer,62.44,4238.36,Yes
CUST1369,67,Male,35,Month-to-Month,DSL,Yes,Yes,Debit Card,30.12,7560.38,Yes
CUST1370,38,Female,38,Month-to-Month,Fiber Optic,No,Yes,Credit Card,84.66,1467.61,No
CUST1371,66,Female,31,One Year,DSL,Yes,Yes,Credit Card,39.25,2137.97,No
CUST1372,24,Male,24,Month-to-Month,No,Yes,Yes,Bank Transfer,125.5,6078.24,Yes
CUST1373,34,Female,49,Two Year,Fiber Optic,Yes,No,Credit Card,74.68,6224.36,No
CUST1374,37,Male,32,Two Year,DSL,Yes,Yes,Bank Transfer,119.45,3298.69,No
CUST1375,58,Male,55,Month-to-Month,Fiber Optic,No,No,UPI,144.08,7612.73,Yes
CUST1376,66,Female,58,Two Year,Fiber Optic,Yes,No,Debit Card,130.43,7512.21,No
CUST1377,37,Male,3,Month-to-Month,DSL,Yes,No,Credit Card,143.69,198.04,Yes
CUST1378,39,Female,69,Month-to-Month,Fiber Optic,No,Yes,Credit Card,93.83,1461.39,No
CUST1379,45,Male,10,Month-to-Month,DSL,No,Yes,UPI,41.49,6579.73,Yes
CUST1380,57,Male,25,Month-to-Month,DSL,No,No,Debit Card,141.6,2748.21,Yes
CUST1381,66,Male,68,Month-to-Month,DSL,Yes,No,Debit Card,132.91,854.16,Yes
CUST1382,24,Female,61,One Year,Fiber Optic,No,No,Debit Card,132.37,6301.49,Yes
CUST1383,18,Female,29,Month-to-Month,DSL,No,No,UPI,110.13,3691.21,No
CUST1384,49,Male,19,One Year,Fiber Optic,No,No,Credit Card,101.24,3990.05,No
CUST1385,30,Male,43,Month-to-Month,Fiber Optic,Yes,Yes,Credit Card,21.91,1572.32,No
CUST1386,47,Female,66,One Year,Fiber Optic,Yes,Yes,Debit Card,117.25,5321.07,No
CUST1387,40,Female,61,Month-to-Month,Fiber Optic,Yes,Yes,UPI,31.9,4454.81,No
CUST1388,68,Male,43,Month-to-Month,Fiber Optic,No,No,UPI,53.77,1732.72,Yes
CUST1389,36,Male,25,Month-to-Month,Fiber Optic,Yes,No,UPI,91.69,2788.62,Yes
CUST1390,49,Female,20,Month-to-Month,Fiber Optic,No,Yes,Debit Card,78.73,4815.35,No
CUST1391,47,Female,48,Month-to-Month,DSL,No,Yes,UPI,22.05,7406.49,Yes
CUST1392,46,Female,24,Two Year,No,No,No,Debit Card,127.12,7370.97,No
CUST1393,66,Female,11,Month-to-Month,DSL,Yes,Yes,Debit Card,134.24,2374.46,Yes
CUST1394,62,Female,55,One Year,DSL,No,Yes,Debit Card,108.64,5911.41,No
CUST1395,46,Male,28,One Year,Fiber Optic,No,Yes,Bank Transfer,90.34,6226.6,No
CUST1396,47,Female,69,Two Year,DSL,Yes,No,Debit Card,144.9,6489.7,No
CUST1397,33,Male,63,Month-to-Month,DSL,No,No,UPI,35.59,4609.02,No
CUST1398,57,Female,59,Month-to-Month,Fiber Optic,No,Yes,Bank Transfer,115.93,183.01,Yes
CUST1399,36,Male,5,Two Year,Fiber Optic,No,No,Credit Card,36.69,6117.24,Yes
CUST1400,35,Female,51,One Year,Fiber Optic,Yes,Yes,Credit Card,69.64,942.12,No
CUST1401,18,Female,21,Month-to-Month,Fiber Optic,No,Yes,UPI,96.11,1023.28,No
CUST1402,31,Male,12,Month-to-Month,DSL,Yes,No,UPI,115.82,4884.44,Yes
CUST1403,68,Male,50,Month-to-Month,DSL,Yes,No,UPI,20.48,7869.81,Yes
CUST1404,64,Female,4,One Year,Fiber Optic,No,No,UPI,53.88,2016.06,Yes
CUST1405,67,Female,42,One Year,DSL,No,Yes,Bank Transfer,89.97,5201.91,No
CUST1406,19,Female,38,Month-to-Month,Fiber Optic,No,Yes,UPI,89.27,2498.86,No
CUST1407,45,Female,25,One Year,DSL,No,Yes,Debit Card,102.89,7199.94,No
CUST1408,66,Female,14,One Year,Fiber Optic,Yes,No,Credit Card,59.5,4788.78,No
CUST1409,67,Male,32,Month-to-Month,Fiber Optic,Yes,Yes,UPI,90.27,1739.07,No
CUST1410,47,Male,11,One Year,Fiber Optic,No,Yes,Debit Card,44.67,2170.84,Yes
CUST1411,55,Female,61,Two Year,Fiber Optic,Yes,Yes,UPI,44.29,3516.6,No
CUST1412,68,Male,18,Month-to-Month,Fiber Optic,No,Yes,Debit Card,94.95,1064.14,Yes
CUST1413,21,Male,27,Two Year,DSL,No,No,Bank Transfer,109.11,721.99,No
CUST1414,18,Male,55,Month-to-Month,DSL,No,No,Credit Card,35.65,5472.49,No
CUST1415,25,Female,54,Month-to-Month,DSL,No,No,Credit Card,35.96,3316.6,Yes
CUST1416,46,Male,21,Month-to-Month,Fiber Optic,Yes,Yes,Bank Transfer,93.49,5837.18,No
CUST1417,56,Female,44,Month-to-Month,Fiber Optic,Yes,Yes,Debit Card,55.11,969.46,No
CUST1418,20,Male,5,Month-to-Month,Fiber Optic,No,Yes,UPI,71.01,4917.94,Yes
CUST1419,49,Female,41,Month-to-Month,DSL,No,No,Debit Card,72.1,3602.12,Yes
CUST1420,27,Male,59,Two Year,Fiber Optic,Yes,No,Credit Card,43.21,558.19,No
CUST1421,27,Female,54,Month-to-Month,No,Yes,No,Bank Transfer,20.17,4403.94,Yes
CUST1422,36,Female,22,One Year,DSL,Yes,No,Bank Transfer,130.91,754.15,Yes
CUST1423,63,Male,65,Month-to-Month,DSL,No,No,Debit Card,112.95,6638.99,No
CUST1424,51,Female,64,Two Year,DSL,Yes,Yes,Debit Card,109.77,5092.46,No
CUST1425,50,Female,71,One Year,Fiber Optic,No,No,Bank Transfer,91.05,4500.04,Yes
CUST1426,40,Female,4,Month-to-Month,Fiber Optic,No,No,Credit Card,111.13,1154.41,No
CUST1427,45,Female,65,One Year,DSL,Yes,No,UPI,141.64,2370.91,No
CUST1428,49,Female,15,Month-to-Month,Fiber Optic,No,Yes,UPI,106.54,3993.72,Yes
CUST1429,67,Female,22,One Year,DSL,Yes,No,Debit Card,54.46,5102.94,No
CUST1430,24,Female,47,Month-to-Month,Fiber Optic,No,No,Bank Transfer,94.17,1547.52,No
CUST1431,46,Female,46,One Year,Fiber Optic,No,No,Bank Transfer,77.5,170.04,No
CUST1432,25,Male,14,One Year,Fiber Optic,No,Yes,Bank Transfer,92.33,2823.61,No
CUST1433,18,Male,50,Month-to-Month,DSL,No,Yes,Credit Card,87.29,3914.68,Yes
CUST1434,20,Female,20,Month-to-Month,No,No,No,Debit Card,131.64,1557.02,No
CUST1435,41,Female,50,Two Year,Fiber Optic,No,No,Debit Card,104.73,3988.11,No
CUST1436,40,Male,33,Month-to-Month,DSL,Yes,No,Debit Card,44.54,2774.04,Yes
CUST1437,25,Male,59,Month-to-Month,DSL,Yes,No,Credit Card,28.19,3695.21,Yes
CUST1438,64,Male,43,Month-to-Month,Fiber Optic,No,Yes,Debit Card,75.17,2844.92,Yes
CUST1439,54,Female,12,Month-to-Month,Fiber Optic,Yes,No,UPI,22.03,5064.9,No
CUST1440,20,Male,40,Two Year,Fiber Optic,No,Yes,Debit Card,61.38,438.89,No
CUST1441,68,Female,20,Month-to-Month,Fiber Optic,Yes,No,Debit Card,67.84,1450.15,No
CUST1442,50,Female,38,Month-to-Month,No,Yes,Yes,Debit Card,68.83,3518.73,Yes
CUST1443,45,Male,3,One Year,DSL,No,Yes,Credit Card,147.32,2914.74,Yes
CUST1444,64,Female,28,Two Year,DSL,Yes,No,UPI,59.51,3193.89,No
CUST1445,25,Female,56,Month-to-Month,No,No,Yes,UPI,54.48,6449.71,No
CUST1446,51,Female,13,Month-to-Month,Fiber Optic,Yes,No,Bank Transfer,36.82,7102.02,Yes
CUST1447,52,Female,66,Two Year,Fiber Optic,No,Yes,Bank Transfer,86.43,2064.48,No
CUST1448,49,Male,37,One Year,Fiber Optic,Yes,Yes,UPI,39.98,6707.49,Yes
CUST1449,41,Male,49,Month-to-Month,No,No,No,Debit Card,100.12,3724.44,Yes
CUST1450,31,Female,66,Month-to-Month,Fiber Optic,Yes,No,Debit Card,40.17,2263.18,Yes
CUST1451,49,Female,36,Month-to-Month,Fiber Optic,No,Yes,Debit Card,94.97,7885.1,Yes
CUST1452,63,Male,54,Month-to-Month,Fiber Optic,Yes,Yes,Credit Card,127.42,6615.93,Yes
CUST1453,60,Female,26,Month-to-Month,DSL,No,No,Debit Card,25.53,7954.6,Yes
CUST1454,33,Male,72,Two Year,Fiber Optic,Yes,No,Credit Card,74.57,1428.71,No
CUST1455,21,Female,40,Month-to-Month,DSL,No,No,UPI,79.94,1236.36,No
CUST1456,69,Female,43,One Year,No,Yes,Yes,Debit Card,122.84,4076.69,No
CUST1457,54,Male,22,Month-to-Month,Fiber Optic,No,No,Debit Card,80.83,5145.29,Yes
CUST1458,38,Male,20,One Year,Fiber Optic,No,No,Bank Transfer,93.78,1451.37,No
CUST1459,31,Male,8,One Year,Fiber Optic,No,Yes,UPI,122.86,6897.4,No
CUST1460,48,Male,29,Month-to-Month,DSL,No,No,Debit Card,92.77,4302.91,Yes
CUST1461,65,Female,40,Month-to-Month,DSL,Yes,No,Credit Card,66.58,3346.44,Yes
CUST1462,35,Male,30,Month-to-Month,No,Yes,No,UPI,31.16,4856.22,Yes
CUST1463,24,Female,55,Two Year,No,Yes,No,Bank Transfer,114.89,5116.13,No
CUST1464,27,Male,16,Two Year,DSL,No,Yes,UPI,133.25,437.99,No
CUST1465,24,Male,46,Month-to-Month,No,No,No,Credit Card,146.11,7999.15,Yes
CUST1466,50,Female,62,Month-to-Month,Fiber Optic,No,No,Bank Transfer,140.46,2974.96,No
CUST1467,40,Male,7,Month-to-Month,Fiber Optic,No,No,Credit Card,123.66,586.19,Yes
CUST1468,38,Male,45,One Year,DSL,No,No,UPI,103.65,6833.35,No
CUST1469,36,Male,59,Month-to-Month,No,Yes,No,Bank Transfer,121.59,7944.85,Yes
CUST1470,65,Male,56,Month-to-Month,Fiber Optic,Yes,No,Credit Card,76.17,6549.23,No
CUST1471,36,Female,48,Month-to-Month,No,Yes,Yes,UPI,97.32,6829.87,Yes
CUST1472,53,Female,27,Month-to-Month,Fiber Optic,No,Yes,Credit Card,65.33,5044.89,No
CUST1473,46,Male,53,One Year,Fiber Optic,No,Yes,Debit Card,62.47,7386.37,No
CUST1474,35,Male,35,Month-to-Month,Fiber Optic,No,No,UPI,118.37,382.33,No
CUST1475,19,Male,51,One Year,DSL,No,No,Bank Transfer,79.01,6157.12,Yes
CUST1476,18,Female,37,Month-to-Month,DSL,No,No,Bank Transfer,47.58,5398.61,Yes
CUST1477,64,Female,57,Month-to-Month,DSL,No,Yes,Debit Card,46.25,491.72,No
CUST1478,22,Female,8,One Year,DSL,No,No,Credit Card,131.69,4397.39,No
CUST1479,37,Female,20,Two Year,Fiber Optic,Yes,Yes,Credit Card,108.11,4168.98,No
CUST1480,28,Male,53,One Year,Fiber Optic,Yes,No,Bank Transfer,90.99,5563.12,No
CUST1481,59,Male,12,Month-to-Month,No,No,No,Credit Card,72.12,712.5,No
CUST1482,19,Male,49,Month-to-Month,DSL,No,Yes,UPI,76.01,6461.7,Yes
CUST1483,20,Female,17,Two Year,Fiber Optic,No,Yes,UPI,27.47,1201.29,Yes
CUST1484,40,Male,64,Month-to-Month,DSL,Yes,Yes,Bank Transfer,79.14,3407.45,No
CUST1485,29,Female,42,Month-to-Month,DSL,Yes,Yes,UPI,123.41,7062.18,Yes
CUST1486,37,Female,29,Two Year,DSL,No,Yes,Bank Transfer,70.44,4528.2,No
CUST1487,22,Male,19,Two Year,Fiber Optic,Yes,Yes,Credit Card,69.87,3098.77,No
CUST1488,54,Male,11,Two Year,DSL,Yes,No,Credit Card,22.04,480.8,No
CUST1489,55,Male,50,Two Year,Fiber Optic,Yes,Yes,Credit Card,79.52,5410.96,No
CUST1490,47,Female,71,Two Year,DSL,No,No,Debit Card,23.29,7893.72,No
CUST1491,26,Female,58,Month-to-Month,No,Yes,No,Bank Transfer,94.15,7303.19,Yes
CUST1492,51,Male,34,Month-to-Month,Fiber Optic,Yes,No,UPI,85.88,5766.64,Yes
CUST1493,70,Male,20,One Year,No,No,No,Credit Card,129.2,931.81,No
CUST1494,61,Female,50,Month-to-Month,No,No,No,Debit Card,95.63,1991.58,Yes
CUST1495,52,Male,10,Month-to-Month,No,Yes,Yes,UPI,62.05,1576.11,Yes
CUST1496,69,Female,32,Month-to-Month,No,No,Yes,UPI,87.11,2908.15,Yes
CUST1497,39,Female,52,Month-to-Month,Fiber Optic,Yes,Yes,UPI,110.96,1960.59,No
CUST1498,61,Male,15,One Year,DSL,Yes,No,Credit Card,32.22,2031.07,No
CUST1499,41,Male,3,Month-to-Month,DSL,No,Yes,UPI,100.74,4972.17,Yes
CUST1500,34,Male,37,Month-to-Month,DSL,No,No,Bank Transfer,139.16,2617.75,No
CUST1501,27,Male,40,Month-to-Month,Fiber Optic,Yes,No,Debit Card,58.89,5449.59,No
CUST1502,47,Female,72,One Year,Fiber Optic,No,No,UPI,101.46,7588.33,Yes
CUST1503,63,Female,40,Month-to-Month,No,No,No,UPI,126.77,5143.98,Yes
CUST1504,40,Female,56,Month-to-Month,No,Yes,Yes,Bank Transfer,86.53,6038.09,No
CUST1505,49,Male,23,One Year,Fiber Optic,Yes,Yes,UPI,113.34,6037.49,No
CUST1506,34,Female,11,Month-to-Month,Fiber Optic,Yes,Yes,Credit Card,60.43,2712.55,Yes
CUST1507,67,Male,64,Month-to-Month,No,Yes,Yes,Credit Card,59.79,218.17,Yes
CUST1508,68,Male,8,Month-to-Month,DSL,Yes,Yes,Credit Card,106.79,534.88,Yes
CUST1509,34,Male,56,Month-to-Month,Fiber Optic,Yes,No,UPI,111.7,2328.28,Yes
CUST1510,31,Male,60,Two Year,DSL,No,Yes,Debit Card,141.81,5547.39,Yes
CUST1511,26,Male,10,Month-to-Month,Fiber Optic,No,No,Debit Card,49.23,7262.8,Yes
CUST1512,57,Male,39,One Year,DSL,Yes,No,UPI,80.87,7674.51,Yes
CUST1513,19,Female,28,Month-to-Month,No,No,No,Debit Card,52.57,304.2,No
CUST1514,62,Male,49,Month-to-Month,Fiber Optic,No,Yes,Debit Card,30.41,7921.69,Yes
CUST1515,42,Female,36,One Year,DSL,Yes,No,UPI,72.42,2647.73,No
CUST1516,56,Female,13,Month-to-Month,DSL,No,No,Credit Card,68.63,6759.35,No
CUST1517,26,Male,36,Month-to-Month,Fiber Optic,No,Yes,UPI,55.16,1524.33,Yes
CUST1518,39,Male,26,Month-to-Month,No,Yes,No,Credit Card,58.61,596.9,No
CUST1519,60,Male,4,Month-to-Month,Fiber Optic,No,No,Credit Card,66.85,3089.01,Yes
CUST1520,63,Female,64,One Year,Fiber Optic,No,No,Debit Card,148.55,6885.51,Yes
CUST1521,21,Male,38,Month-to-Month,DSL,Yes,Yes,Debit Card,121.78,1844.52,No
CUST1522,43,Female,22,Two Year,Fiber Optic,No,No,Credit Card,29.28,1316.26,No
CUST1523,46,Male,2,One Year,Fiber Optic,No,No,Credit Card,133.41,7287.45,Yes
CUST1524,62,Male,31,Month-to-Month,Fiber Optic,No,Yes,Debit Card,102.33,7512.86,Yes
CUST1525,51,Female,11,Month-to-Month,DSL,Yes,Yes,Bank Transfer,135.78,199.13,Yes
CUST1526,40,Female,46,Month-to-Month,Fiber Optic,Yes,No,Credit Card,64.42,5846.74,Yes
CUST1527,54,Male,62,One Year,Fiber Optic,No,Yes,Credit Card,80.39,2542.74,No
CUST1528,28,Female,69,Month-to-Month,No,No,Yes,Credit Card,136.51,3060.16,Yes
CUST1529,23,Female,64,Two Year,No,Yes,Yes,Debit Card,55.43,3805.91,No
CUST1530,35,Female,10,Month-to-Month,Fiber Optic,Yes,Yes,UPI,139.02,3471.65,No
CUST1531,38,Female,40,Two Year,Fiber Optic,No,Yes,Credit Card,127.7,4168.29,No
CUST1532,59,Female,24,Month-to-Month,DSL,Yes,Yes,Credit Card,147.47,4700.66,Yes
CUST1533,53,Male,44,Two Year,Fiber Optic,No,Yes,Credit Card,62.15,3778.2,Yes
CUST1534,58,Male,60,Month-to-Month,Fiber Optic,No,No,UPI,50.65,5642.35,No
CUST1535,55,Female,62,Month-to-Month,DSL,Yes,Yes,UPI,63.01,5776.95,Yes
CUST1536,51,Male,17,Month-to-Month,Fiber Optic,Yes,Yes,Credit Card,144.1,3578.84,Yes
CUST1537,34,Male,65,Month-to-Month,Fiber Optic,No,Yes,Credit Card,63.3,1225.46,No
CUST1538,54,Female,57,Two Year,DSL,No,No,Bank Transfer,93.48,5161.05,Yes
CUST1539,42,Male,55,Month-to-Month,Fiber Optic,Yes,Yes,UPI,72.48,6206.36,Yes
CUST1540,55,Female,53,Month-to-Month,Fiber Optic,No,Yes,Bank Transfer,71.51,5141.07,No
CUST1541,29,Female,56,One Year,DSL,Yes,No,Credit Card,45.14,4745.63,No
CUST1542,40,Male,9,Month-to-Month,DSL,Yes,Yes,Credit Card,89.82,1912.35,No
CUST1543,70,Female,22,Month-to-Month,Fiber Optic,Yes,No,Credit Card,130.42,5196.58,Yes
CUST1544,59,Female,13,One Year,Fiber Optic,Yes,No,Credit Card,26.43,2745.36,No
CUST1545,39,Female,48,Month-to-Month,DSL,Yes,Yes,Debit Card,135.6,7364.52,No
CUST1546,38,Female,18,Two Year,No,No,No,Debit Card,106.51,5264.39,No
CUST1547,44,Female,40,Month-to-Month,Fiber Optic,Yes,Yes,Debit Card,100.18,2297.62,Yes
CUST1548,48,Male,17,Month-to-Month,Fiber Optic,Yes,Yes,Bank Transfer,101.37,3836.12,Yes
CUST1549,23,Male,15,One Year,Fiber Optic,Yes,No,UPI,58.52,6787.99,Yes
CUST1550,44,Female,15,One Year,No,Yes,No,Credit Card,73.97,2750.17,No
CUST1551,57,Female,63,Month-to-Month,Fiber Optic,Yes,Yes,UPI,123.91,4250.98,Yes
CUST1552,51,Male,39,One Year,DSL,Yes,Yes,Debit Card,59.83,5469.39,No
CUST1553,29,Female,13,Month-to-Month,No,Yes,No,Credit Card,81.1,6060.78,Yes
CUST1554,62,Male,32,Month-to-Month,Fiber Optic,No,Yes,Credit Card,22.55,1473.75,Yes
CUST1555,70,Female,9,Two Year,DSL,No,Yes,Bank Transfer,115.36,4564.7,No
CUST1556,24,Female,40,Month-to-Month,Fiber Optic,No,Yes,UPI,74.3,7306.38,Yes
CUST1557,27,Female,20,Month-to-Month,Fiber Optic,No,No,Bank Transfer,88.3,7750.04,Yes
CUST1558,62,Female,63,Two Year,No,Yes,Yes,Debit Card,34.91,5283.55,No
CUST1559,34,Female,44,Two Year,Fiber Optic,No,Yes,UPI,148.92,7870.92,Yes
CUST1560,43,Female,38,Month-to-Month,DSL,Yes,Yes,Debit Card,59.32,4608.81,Yes
CUST1561,38,Female,60,Month-to-Month,Fiber Optic,No,No,Bank Transfer,102.55,3596.58,Yes
CUST1562,45,Male,71,One Year,Fiber Optic,No,No,Bank Transfer,95.56,4457.54,No
CUST1563,63,Male,48,Two Year,DSL,Yes,No,Credit Card,122.06,1014.13,No
CUST1564,19,Male,18,Two Year,Fiber Optic,Yes,Yes,UPI,58.2,3273.56,No
CUST1565,60,Female,16,Month-to-Month,Fiber Optic,No,No,UPI,118.27,3721.4,Yes
CUST1566,18,Female,55,Month-to-Month,DSL,No,Yes,Credit Card,69.73,6804.16,Yes
CUST1567,68,Female,39,Month-to-Month,Fiber Optic,No,No,UPI,73.45,6093.32,Yes
CUST1568,70,Female,68,One Year,DSL,No,Yes,Debit Card,107.45,4851.27,No
CUST1569,53,Female,59,One Year,DSL,Yes,No,Debit Card,121.96,2843.49,No
CUST1570,68,Female,62,One Year,Fiber Optic,No,Yes,Bank Transfer,106.69,1577.57,No
CUST1571,43,Female,13,Two Year,DSL,No,Yes,Debit Card,136.98,2847.34,Yes
CUST1572,46,Male,6,Month-to-Month,Fiber Optic,No,No,UPI,57.07,5470.45,No
CUST1573,38,Female,60,Month-to-Month,DSL,No,Yes,Credit Card,137.08,2178.0,Yes
CUST1574,28,Male,14,Month-to-Month,Fiber Optic,No,No,Bank Transfer,37.01,3472.4,Yes
CUST1575,57,Male,54,Month-to-Month,DSL,Yes,No,Credit Card,105.74,3155.48,No
CUST1576,28,Female,4,Month-to-Month,No,Yes,Yes,Bank Transfer,91.19,6148.16,No
CUST1577,53,Female,39,Month-to-Month,Fiber Optic,Yes,Yes,Bank Transfer,84.3,7081.92,Yes
CUST1578,66,Male,72,One Year,Fiber Optic,Yes,No,Credit Card,60.42,5625.03,No
CUST1579,56,Male,25,Two Year,DSL,Yes,No,Debit Card,85.49,2798.66,No
CUST1580,57,Female,32,Month-to-Month,Fiber Optic,No,No,Debit Card,41.03,3522.1,Yes
CUST1581,52,Female,59,Month-to-Month,DSL,Yes,Yes,Debit Card,68.01,1232.47,No
CUST1582,51,Male,63,Month-to-Month,No,Yes,No,Debit Card,32.83,1427.97,Yes
CUST1583,64,Female,38,One Year,Fiber Optic,No,Yes,Credit Card,94.34,1397.91,No
CUST1584,41,Female,53,One Year,Fiber Optic,Yes,Yes,UPI,32.45,1131.63,No
CUST1585,39,Female,67,One Year,Fiber Optic,Yes,No,Bank Transfer,40.84,1518.69,No
CUST1586,22,Male,28,Month-to-Month,Fiber Optic,Yes,No,Credit Card,31.11,1701.24,No
CUST1587,50,Male,3,Month-to-Month,Fiber Optic,Yes,Yes,Debit Card,69.57,983.58,Yes
CUST1588,53,Male,22,Month-to-Month,Fiber Optic,No,Yes,Debit Card,129.45,5158.06,Yes
CUST1589,64,Female,38,One Year,Fiber Optic,No,Yes,Credit Card,137.9,7924.17,Yes
CUST1590,37,Female,72,Two Year,Fiber Optic,Yes,Yes,Bank Transfer,29.35,7045.58,No
CUST1591,36,Male,72,Two Year,Fiber Optic,No,No,Credit Card,102.49,460.26,No
CUST1592,52,Male,62,Month-to-Month,DSL,Yes,Yes,Credit Card,108.97,3442.16,No
CUST1593,69,Male,57,One Year,Fiber Optic,No,No,UPI,89.39,6888.55,Yes
CUST1594,60,Female,6,Two Year,Fiber Optic,No,No,Credit Card,106.71,1163.93,Yes
CUST1595,34,Male,32,Month-to-Month,Fiber Optic,No,No,UPI,50.38,6796.4,Yes
CUST1596,62,Male,10,Month-to-Month,No,No,Yes,Bank Transfer,83.65,4782.34,No
CUST1597,60,Female,3,Two Year,DSL,No,Yes,Credit Card,70.81,7457.26,Yes
CUST1598,51,Female,59,Month-to-Month,No,No,No,Credit Card,31.66,7020.71,No
CUST1599,26,Female,49,Two Year,No,No,No,Debit Card,101.32,5448.57,No
CUST1600,43,Male,59,Two Year,No,No,No,Credit Card,84.38,5296.8,No
CUST1601,19,Female,31,One Year,Fiber Optic,No,No,Debit Card,55.77,1784.0,No
CUST1602,70,Female,69,Two Year,Fiber Optic,No,Yes,Debit Card,81.58,1022.35,Yes
CUST1603,26,Male,62,One Year,DSL,No,No,Debit Card,120.79,3381.61,Yes
CUST1604,26,Female,52,One Year,Fiber Optic,Yes,Yes,Bank Transfer,124.22,1573.98,No
CUST1605,57,Male,41,Month-to-Month,DSL,No,Yes,UPI,104.44,909.09,Yes
CUST1606,34,Male,31,Month-to-Month,DSL,Yes,Yes,Debit Card,80.81,2488.38,No
CUST1607,18,Female,22,Month-to-Month,Fiber Optic,No,Yes,Credit Card,94.85,6897.87,Yes
CUST1608,42,Female,4,One Year,DSL,Yes,No,Credit Card,70.05,235.47,No
CUST1609,60,Female,13,Month-to-Month,No,Yes,Yes,Debit Card,36.45,2411.84,No
CUST1610,57,Female,45,Month-to-Month,Fiber Optic,Yes,No,Debit Card,70.13,3450.01,Yes
CUST1611,59,Female,42,Month-to-Month,Fiber Optic,No,Yes,Credit Card,88.94,4133.5,No
CUST1612,42,Female,49,One Year,Fiber Optic,No,No,Debit Card,97.85,1534.46,No
CUST1613,56,Male,20,Two Year,No,No,No,UPI,141.65,7717.34,No
CUST1614,52,Male,54,Two Year,Fiber Optic,No,No,UPI,121.05,4673.1,No
CUST1615,20,Female,36,Month-to-Month,Fiber Optic,Yes,No,Bank Transfer,39.76,4224.67,No
CUST1616,67,Male,1,Two Year,DSL,No,No,Debit Card,42.64,169.7,No
CUST1617,54,Female,15,One Year,No,No,Yes,Bank Transfer,33.06,3937.15,No
CUST1618,61,Male,17,Month-to-Month,Fiber Optic,No,No,Bank Transfer,115.96,6717.6,Yes
CUST1619,61,Male,24,One Year,Fiber Optic,No,Yes,Bank Transfer,111.8,1835.19,No
CUST1620,68,Male,58,Month-to-Month,DSL,No,No,Debit Card,148.23,2874.54,Yes
CUST1621,47,Female,72,Two Year,Fiber Optic,No,Yes,Bank Transfer,87.86,262.51,No
CUST1622,55,Male,23,Month-to-Month,DSL,No,Yes,UPI,127.43,7817.73,No
CUST1623,51,Female,46,Month-to-Month,No,No,Yes,Bank Transfer,94.94,626.55,Yes
CUST1624,29,Male,72,One Year,No,Yes,No,UPI,133.63,7195.95,Yes
CUST1625,36,Male,8,Month-to-Month,DSL,Yes,Yes,UPI,113.73,2572.6,Yes
CUST1626,54,Male,59,Month-to-Month,Fiber Optic,No,No,Debit Card,103.57,4741.7,No
CUST1627,61,Male,59,One Year,DSL,No,No,Bank Transfer,93.47,5466.59,No
CUST1628,66,Male,13,Month-to-Month,Fiber Optic,No,Yes,Debit Card,113.99,1212.55,Yes
CUST1629,34,Female,39,One Year,DSL,No,Yes,UPI,74.55,3605.7,No
CUST1630,27,Female,28,Month-to-Month,Fiber Optic,Yes,No,Credit Card,32.55,2671.18,No
CUST1631,66,Male,61,One Year,Fiber Optic,Yes,No,Bank Transfer,25.2,547.16,No
CUST1632,64,Male,16,One Year,DSL,No,No,Debit Card,82.27,6682.23,No
CUST1633,29,Male,2,Month-to-Month,Fiber Optic,Yes,No,Credit Card,97.91,456.83,No
CUST1634,33,Male,17,One Year,DSL,Yes,No,Bank Transfer,30.25,5260.74,No
CUST1635,41,Female,30,One Year,Fiber Optic,No,No,Bank Transfer,57.3,2581.21,No
CUST1636,36,Male,13,One Year,DSL,No,Yes,Debit Card,61.86,1617.82,No
CUST1637,25,Female,13,One Year,Fiber Optic,No,No,Credit Card,93.16,5369.98,No
CUST1638,48,Male,43,Two Year,No,Yes,No,Debit Card,56.2,4638.85,No
CUST1639,38,Female,21,Month-to-Month,Fiber Optic,Yes,Yes,Bank Transfer,32.43,2590.52,Yes
CUST1640,34,Male,55,Month-to-Month,No,No,Yes,Bank Transfer,41.43,4152.39,No
CUST1641,40,Male,40,Two Year,No,No,Yes,UPI,42.61,2045.27,Yes
CUST1642,54,Female,15,Month-to-Month,DSL,Yes,No,Bank Transfer,129.55,6923.2,Yes
CUST1643,33,Male,52,Month-to-Month,DSL,Yes,Yes,Bank Transfer,56.96,2579.17,Yes
CUST1644,23,Male,53,Month-to-Month,Fiber Optic,No,Yes,Credit Card,112.91,2036.71,No
CUST1645,25,Male,52,Month-to-Month,No,Yes,No,Credit Card,93.82,6039.49,Yes
CUST1646,42,Female,30,Month-to-Month,No,No,No,UPI,147.02,238.98,No
CUST1647,35,Male,33,Two Year,DSL,No,No,UPI,55.47,2217.29,No
CUST1648,42,Male,57,Month-to-Month,Fiber Optic,Yes,No,UPI,40.59,3065.62,Yes
CUST1649,29,Female,52,Month-to-Month,DSL,Yes,Yes,Debit Card,26.76,7069.68,Yes
CUST1650,32,Female,9,Two Year,Fiber Optic,Yes,No,Debit Card,51.32,7608.49,Yes
CUST1651,43,Female,54,Two Year,Fiber Optic,No,Yes,UPI,108.93,5760.18,Yes
CUST1652,58,Male,1,Month-to-Month,DSL,No,No,Debit Card,31.08,3991.0,Yes
CUST1653,62,Male,44,Month-to-Month,Fiber Optic,No,Yes,Bank Transfer,51.81,5160.91,Yes
CUST1654,43,Male,9,Two Year,Fiber Optic,No,No,UPI,131.19,3370.61,Yes
CUST1655,64,Female,32,One Year,Fiber Optic,No,No,UPI,95.78,2460.72,Yes
CUST1656,49,Male,15,One Year,DSL,No,No,Debit Card,29.04,7610.44,Yes
CUST1657,27,Male,12,Two Year,No,Yes,Yes,Credit Card,26.2,1011.58,No
CUST1658,33,Female,57,One Year,Fiber Optic,No,Yes,UPI,27.95,2836.51,No
CUST1659,24,Female,8,Month-to-Month,Fiber Optic,No,Yes,Debit Card,142.44,7202.8,Yes
CUST1660,34,Female,72,One Year,Fiber Optic,No,No,Debit Card,130.48,5812.82,Yes
CUST1661,40,Female,27,Month-to-Month,DSL,No,Yes,Credit Card,129.84,329.9,Yes
CUST1662,43,Female,62,One Year,DSL,Yes,No,UPI,140.15,282.49,Yes
CUST1663,38,Male,12,One Year,Fiber Optic,No,No,Credit Card,85.68,4180.45,No
CUST1664,39,Female,65,Month-to-Month,DSL,Yes,No,Bank Transfer,52.15,3925.6,No
CUST1665,24,Male,42,Month-to-Month,Fiber Optic,Yes,Yes,Credit Card,72.18,3599.63,No
CUST1666,31,Male,62,Month-to-Month,Fiber Optic,No,No,Credit Card,113.45,2488.52,No
CUST1667,32,Female,11,Month-to-Month,Fiber Optic,No,Yes,Debit Card,133.88,7894.45,No
CUST1668,70,Female,43,One Year,DSL,Yes,No,Credit Card,76.56,2248.7,No
CUST1669,24,Female,17,Month-to-Month,DSL,Yes,No,Bank Transfer,89.6,3971.32,Yes
CUST1670,26,Male,32,One Year,Fiber Optic,No,No,Debit Card,141.13,3298.66,Yes
CUST1671,68,Female,40,Month-to-Month,DSL,Yes,Yes,Bank Transfer,33.97,1444.97,Yes
CUST1672,65,Female,23,One Year,Fiber Optic,No,Yes,Credit Card,132.1,1700.69,No
CUST1673,25,Female,56,Two Year,Fiber Optic,No,No,Bank Transfer,40.71,7354.59,Yes
CUST1674,67,Female,6,One Year,Fiber Optic,Yes,Yes,Bank Transfer,82.9,6880.41,No
CUST1675,40,Female,50,Month-to-Month,Fiber Optic,No,Yes,Credit Card,48.4,1672.45,No
CUST1676,46,Male,37,Two Year,DSL,No,No,Credit Card,98.38,7017.73,No
CUST1677,35,Male,64,Month-to-Month,DSL,No,No,Debit Card,92.61,1752.57,No
CUST1678,48,Male,54,Month-to-Month,No,Yes,Yes,Debit Card,69.4,5049.72,Yes
CUST1679,47,Female,72,Month-to-Month,No,Yes,No,UPI,132.23,742.12,Yes
CUST1680,69,Female,49,Month-to-Month,Fiber Optic,Yes,No,Debit Card,105.78,7054.92,No
CUST1681,56,Female,11,Two Year,No,No,Yes,Credit Card,113.76,506.85,No
CUST1682,52,Male,49,Month-to-Month,Fiber Optic,Yes,Yes,Bank Transfer,39.59,4484.05,Yes
CUST1683,35,Female,21,One Year,DSL,Yes,No,Bank Transfer,134.81,6259.72,Yes
CUST1684,59,Female,66,One Year,DSL,Yes,Yes,Debit Card,41.72,1022.99,No
CUST1685,56,Female,63,Month-to-Month,No,No,Yes,Debit Card,48.96,3295.39,Yes
CUST1686,34,Male,28,One Year,DSL,No,No,Credit Card,36.65,431.41,No
CUST1687,31,Female,17,Month-to-Month,Fiber Optic,Yes,No,Bank Transfer,77.25,5493.75,No
CUST1688,48,Male,6,Month-to-Month,Fiber Optic,Yes,No,UPI,135.4,2528.85,Yes
CUST1689,41,Female,19,Month-to-Month,Fiber Optic,Yes,No,UPI,52.82,4519.22,Yes
CUST1690,52,Male,56,Two Year,Fiber Optic,No,Yes,Debit Card,68.59,7468.58,No
CUST1691,61,Male,28,Two Year,DSL,Yes,Yes,UPI,129.99,2516.28,No
CUST1692,62,Male,66,Month-to-Month,DSL,No,No,Credit Card,100.32,484.16,No
CUST1693,51,Female,38,Month-to-Month,Fiber Optic,No,No,UPI,117.71,5437.46,Yes
CUST1694,20,Female,37,One Year,Fiber Optic,No,No,Debit Card,47.82,6316.04,No
CUST1695,54,Male,68,Month-to-Month,Fiber Optic,Yes,No,Credit Card,113.14,7667.16,Yes
CUST1696,60,Male,49,Two Year,Fiber Optic,Yes,Yes,Bank Transfer,49.59,1346.63,No
CUST1697,57,Female,43,One Year,DSL,No,Yes,Credit Card,148.35,3197.91,No
CUST1698,43,Female,36,Month-to-Month,No,No,No,Debit Card,92.79,6768.71,Yes
CUST1699,40,Male,58,Two Year,Fiber Optic,No,No,Debit Card,110.43,6474.28,No
CUST1700,61,Female,13,Month-to-Month,DSL,No,Yes,UPI,35.39,5035.89,No
CUST1701,56,Female,52,Two Year,Fiber Optic,Yes,Yes,UPI,52.59,2228.01,No
CUST1702,32,Female,58,Two Year,Fiber Optic,Yes,Yes,Bank Transfer,38.17,2343.88,No
CUST1703,66,Female,32,Month-to-Month,No,No,Yes,Bank Transfer,70.72,1079.62,Yes
CUST1704,21,Male,60,Month-to-Month,DSL,No,No,Debit Card,56.94,7382.64,Yes
CUST1705,46,Female,58,Two Year,Fiber Optic,No,Yes,Debit Card,115.28,1466.16,No
CUST1706,39,Female,56,Two Year,DSL,Yes,Yes,Debit Card,34.13,4625.8,No
CUST1707,42,Male,28,Month-to-Month,DSL,No,Yes,Bank Transfer,117.77,4716.38,Yes
CUST1708,30,Male,1,Two Year,Fiber Optic,Yes,No,Debit Card,25.94,3019.88,No
CUST1709,35,Female,42,Month-to-Month,Fiber Optic,No,No,Bank Transfer,46.26,2884.9,Yes
CUST1710,50,Female,48,Month-to-Month,Fiber Optic,Yes,Yes,Debit Card,122.96,5381.85,No
CUST1711,33,Female,40,Two Year,DSL,Yes,Yes,Credit Card,116.56,3167.55,No
CUST1712,62,Female,63,Month-to-Month,DSL,No,No,Credit Card,81.92,2115.41,Yes
CUST1713,59,Male,72,Two Year,Fiber Optic,Yes,No,Debit Card,26.5,3253.14,No
CUST1714,61,Male,4,Month-to-Month,DSL,Yes,Yes,Credit Card,99.29,6480.53,Yes
CUST1715,19,Male,38,One Year,DSL,Yes,No,Bank Transfer,72.87,7735.18,No
CUST1716,52,Female,27,Month-to-Month,DSL,Yes,Yes,UPI,61.15,5124.01,Yes
CUST1717,59,Female,9,Month-to-Month,Fiber Optic,No,No,Credit Card,103.25,6278.6,Yes
CUST1718,51,Female,16,One Year,DSL,No,Yes,UPI,76.76,4309.32,No
CUST1719,47,Female,56,Month-to-Month,Fiber Optic,No,Yes,Credit Card,32.01,5036.1,Yes
CUST1720,30,Male,31,Month-to-Month,DSL,No,No,Bank Transfer,139.07,7905.88,No
CUST1721,30,Male,14,Month-to-Month,DSL,No,Yes,Credit Card,121.2,3563.51,Yes
CUST1722,35,Female,25,Month-to-Month,Fiber Optic,Yes,No,Credit Card,27.33,623.41,Yes
CUST1723,49,Male,34,Two Year,DSL,Yes,No,Debit Card,88.26,7660.35,No
CUST1724,49,Female,67,Month-to-Month,Fiber Optic,Yes,No,UPI,30.84,6365.19,No
CUST1725,52,Female,24,One Year,DSL,Yes,Yes,UPI,128.85,3246.65,Yes
CUST1726,56,Male,26,Month-to-Month,Fiber Optic,No,Yes,Bank Transfer,99.69,7860.92,Yes
CUST1727,63,Female,20,Month-to-Month,DSL,No,Yes,Bank Transfer,42.42,2829.73,No
CUST1728,69,Female,64,Month-to-Month,DSL,Yes,No,UPI,22.7,3039.75,Yes
CUST1729,46,Male,10,Month-to-Month,Fiber Optic,No,Yes,Debit Card,24.11,4916.88,No
CUST1730,66,Female,67,Month-to-Month,No,Yes,Yes,Debit Card,85.96,2267.34,No
CUST1731,46,Female,24,One Year,DSL,Yes,Yes,UPI,115.47,5618.71,Yes
CUST1732,70,Male,5,Two Year,Fiber Optic,No,Yes,Credit Card,35.71,1307.52,No
CUST1733,61,Female,67,Month-to-Month,Fiber Optic,No,No,UPI,48.77,953.4,No
CUST1734,33,Male,58,Month-to-Month,Fiber Optic,No,Yes,Credit Card,62.54,4325.54,Yes
CUST1735,61,Female,27,Month-to-Month,Fiber Optic,No,No,UPI,48.35,4488.4,Yes
CUST1736,64,Male,15,Month-to-Month,DSL,No,No,Credit Card,70.87,942.58,No
CUST1737,27,Male,35,Month-to-Month,No,No,No,Debit Card,92.75,7716.99,No
CUST1738,47,Male,53,Month-to-Month,Fiber Optic,No,No,UPI,109.04,4628.96,Yes
CUST1739,42,Female,44,Month-to-Month,DSL,Yes,Yes,Bank Transfer,145.29,1293.18,No
CUST1740,56,Male,26,Month-to-Month,No,No,Yes,Credit Card,141.01,2560.4,Yes
CUST1741,37,Male,47,Month-to-Month,Fiber Optic,Yes,Yes,Debit Card,94.12,6421.85,No
CUST1742,22,Male,34,Month-to-Month,Fiber Optic,Yes,No,Bank Transfer,115.44,4233.53,No
CUST1743,18,Male,50,Month-to-Month,Fiber Optic,No,Yes,Debit Card,143.61,1586.37,Yes
CUST1744,47,Male,12,Month-to-Month,Fiber Optic,Yes,No,Credit Card,30.85,912.51,No
CUST1745,66,Female,4,Month-to-Month,DSL,No,Yes,UPI,20.73,3503.12,Yes
CUST1746,20,Female,48,Month-to-Month,Fiber Optic,Yes,Yes,Debit Card,23.87,2765.58,Yes
CUST1747,62,Female,55,Month-to-Month,DSL,Yes,Yes,UPI,93.24,5281.75,No
CUST1748,31,Female,1,Month-to-Month,Fiber Optic,Yes,No,UPI,119.17,7409.45,Yes
CUST1749,47,Female,66,Month-to-Month,No,No,Yes,Debit Card,67.72,2057.07,No
CUST1750,67,Female,30,Month-to-Month,Fiber Optic,Yes,No,Debit Card,90.88,6856.35,No
CUST1751,21,Female,3,Month-to-Month,Fiber Optic,Yes,No,Debit Card,87.13,7371.65,Yes
CUST1752,35,Male,21,Month-to-Month,DSL,Yes,No,UPI,32.32,7225.82,No
CUST1753,54,Female,49,One Year,DSL,No,Yes,Bank Transfer,61.81,7621.41,Yes
CUST1754,42,Male,62,Month-to-Month,No,Yes,Yes,Credit Card,22.53,6752.66,Yes
CUST1755,65,Male,38,Month-to-Month,DSL,No,No,Bank Transfer,34.39,4788.54,No
CUST1756,18,Female,15,Two Year,Fiber Optic,Yes,No,UPI,125.54,3337.78,No
CUST1757,70,Male,52,Month-to-Month,Fiber Optic,Yes,No,Debit Card,127.82,3984.33,Yes
CUST1758,63,Male,46,Month-to-Month,No,Yes,No,Debit Card,124.25,6993.64,No
CUST1759,32,Male,25,Two Year,Fiber Optic,No,No,Credit Card,114.49,2481.05,No
CUST1760,26,Male,21,Two Year,Fiber Optic,Yes,Yes,Credit Card,123.13,1358.17,No
CUST1761,32,Female,5,Month-to-Month,Fiber Optic,Yes,Yes,Bank Transfer,107.23,1212.47,Yes
CUST1762,66,Female,70,Month-to-Month,No,Yes,Yes,Bank Transfer,107.08,6633.26,Yes
CUST1763,41,Female,47,Month-to-Month,Fiber Optic,Yes,No,Credit Card,106.76,6115.74,Yes
CUST1764,21,Female,68,Month-to-Month,Fiber Optic,No,No,UPI,86.83,4031.4,No
CUST1765,29,Female,18,One Year,DSL,Yes,Yes,Bank Transfer,67.24,2271.48,No
CUST1766,54,Female,21,Month-to-Month,DSL,Yes,Yes,Debit Card,114.93,5453.14,Yes
CUST1767,54,Female,23,Month-to-Month,Fiber Optic,Yes,No,Debit Card,58.82,403.62,No
CUST1768,60,Female,64,Two Year,No,Yes,No,UPI,90.58,4589.0,No
CUST1769,23,Female,67,Two Year,No,No,No,Credit Card,76.34,3247.56,No
CUST1770,56,Female,40,Month-to-Month,No,Yes,Yes,Bank Transfer,55.96,7825.09,Yes
CUST1771,63,Male,10,One Year,Fiber Optic,Yes,No,Debit Card,146.71,4109.73,Yes
CUST1772,41,Female,52,Month-to-Month,Fiber Optic,No,No,Credit Card,53.64,4462.92,No
CUST1773,28,Male,72,Two Year,Fiber Optic,Yes,No,Bank Transfer,60.21,5727.67,Yes
CUST1774,30,Male,61,Month-to-Month,Fiber Optic,Yes,Yes,UPI,41.01,3927.85,Yes
CUST1775,51,Male,64,Month-to-Month,DSL,Yes,No,Debit Card,126.99,1874.09,Yes
CUST1776,42,Male,5,Month-to-Month,Fiber Optic,No,Yes,UPI,96.26,4344.49,Yes
CUST1777,24,Female,53,Month-to-Month,No,Yes,No,UPI,99.7,7559.72,Yes
CUST1778,69,Male,55,Month-to-Month,DSL,No,No,UPI,126.67,3338.3,Yes
CUST1779,21,Female,37,One Year,No,No,Yes,Bank Transfer,64.58,5469.16,Yes
CUST1780,25,Female,56,One Year,DSL,No,No,UPI,45.17,7826.47,Yes
CUST1781,37,Male,59,Month-to-Month,Fiber Optic,No,Yes,Bank Transfer,45.79,6656.39,Yes
CUST1782,46,Female,69,Month-to-Month,Fiber Optic,No,No,Bank Transfer,115.24,5306.37,Yes
CUST1783,70,Male,59,Month-to-Month,Fiber Optic,No,Yes,UPI,99.83,5914.37,Yes
CUST1784,68,Male,2,Two Year,Fiber Optic,No,No,UPI,46.82,7498.22,No
CUST1785,62,Female,65,Two Year,No,Yes,Yes,Credit Card,38.86,7682.04,No
CUST1786,63,Female,60,Two Year,Fiber Optic,Yes,Yes,Debit Card,35.69,7754.85,No
CUST1787,27,Male,51,Two Year,DSL,No,No,Credit Card,101.61,5042.57,Yes
CUST1788,60,Female,30,Month-to-Month,Fiber Optic,No,Yes,Debit Card,20.02,3139.22,Yes
CUST1789,51,Female,11,Month-to-Month,DSL,No,No,Debit Card,22.38,1151.91,Yes
CUST1790,43,Female,39,One Year,DSL,No,Yes,Credit Card,70.64,3145.83,No
CUST1791,58,Male,72,Two Year,Fiber Optic,No,No,Credit Card,109.88,7549.35,Yes
CUST1792,66,Male,63,Month-to-Month,No,No,No,Debit Card,110.36,7129.4,Yes
CUST1793,20,Female,64,Month-to-Month,Fiber Optic,Yes,No,Debit Card,75.92,4236.91,Yes
CUST1794,23,Female,61,Two Year,Fiber Optic,Yes,No,Debit Card,109.84,4342.36,Yes
CUST1795,22,Female,54,Month-to-Month,Fiber Optic,No,Yes,Bank Transfer,87.74,2540.47,Yes
CUST1796,22,Female,58,Month-to-Month,DSL,No,No,Debit Card,147.0,3690.61,No
CUST1797,64,Female,56,One Year,No,No,No,UPI,41.12,5744.14,No
CUST1798,40,Male,34,Month-to-Month,Fiber Optic,Yes,No,UPI,98.09,3279.2,Yes
CUST1799,66,Female,31,Month-to-Month,No,No,No,UPI,83.86,1585.07,Yes
CUST1800,26,Male,52,One Year,DSL,Yes,No,Credit Card,45.28,4372.79,No
CUST1801,52,Female,1,One Year,DSL,Yes,Yes,Credit Card,117.5,1880.16,No
CUST1802,37,Male,55,Two Year,No,Yes,No,Credit Card,55.82,7796.87,No
CUST1803,66,Female,22,Month-to-Month,Fiber Optic,No,Yes,Debit Card,69.62,3183.69,Yes
CUST1804,59,Male,40,Month-to-Month,DSL,No,Yes,UPI,68.73,7286.35,No
CUST1805,52,Female,1,One Year,DSL,Yes,No,Debit Card,51.75,1881.88,No
CUST1806,67,Male,65,Month-to-Month,Fiber Optic,Yes,No,Bank Transfer,75.99,1594.75,No
CUST1807,35,Male,63,Month-to-Month,Fiber Optic,Yes,Yes,Bank Transfer,81.53,4973.52,No
CUST1808,34,Male,54,One Year,Fiber Optic,Yes,Yes,Credit Card,116.75,6257.09,Yes
CUST1809,41,Male,42,Month-to-Month,DSL,No,Yes,Bank Transfer,119.46,4577.44,Yes
CUST1810,20,Male,21,Month-to-Month,Fiber Optic,Yes,No,UPI,40.61,1915.39,Yes
CUST1811,49,Male,22,Month-to-Month,No,No,Yes,Bank Transfer,97.06,399.37,Yes
CUST1812,52,Female,38,Month-to-Month,DSL,Yes,Yes,Credit Card,136.51,4984.48,No
CUST1813,55,Male,8,Month-to-Month,Fiber Optic,No,No,Debit Card,34.14,1135.19,Yes
CUST1814,30,Female,62,Month-to-Month,Fiber Optic,Yes,Yes,Bank Transfer,81.48,2811.09,Yes
CUST1815,64,Female,47,One Year,DSL,No,No,UPI,117.55,5438.7,Yes
CUST1816,42,Female,17,Two Year,Fiber Optic,No,Yes,UPI,99.49,874.39,No
CUST1817,26,Female,17,Month-to-Month,Fiber Optic,No,No,UPI,33.08,1105.29,No
CUST1818,21,Female,13,Month-to-Month,Fiber Optic,Yes,Yes,Debit Card,71.56,587.16,Yes
CUST1819,31,Male,17,Month-to-Month,Fiber Optic,No,No,UPI,85.94,7969.03,Yes
CUST1820,54,Male,38,Month-to-Month,Fiber Optic,Yes,No,Credit Card,149.46,3157.91,Yes
CUST1821,51,Male,45,One Year,Fiber Optic,No,Yes,Credit Card,43.22,7255.78,No
CUST1822,28,Female,6,One Year,Fiber Optic,No,No,UPI,147.72,2419.33,Yes
CUST1823,58,Male,35,One Year,Fiber Optic,Yes,Yes,Bank Transfer,68.9,6050.3,No
CUST1824,20,Male,14,Month-to-Month,DSL,No,No,UPI,46.04,1830.63,No
CUST1825,45,Male,72,Month-to-Month,Fiber Optic,No,No,Credit Card,73.83,4036.77,Yes
CUST1826,46,Male,61,Month-to-Month,No,Yes,No,Credit Card,99.82,6614.46,No
CUST1827,26,Male,15,Month-to-Month,Fiber Optic,No,No,Credit Card,47.75,6549.04,No
CUST1828,20,Female,54,One Year,Fiber Optic,No,No,Bank Transfer,57.89,6374.82,Yes
CUST1829,42,Male,27,Two Year,Fiber Optic,No,No,Bank Transfer,131.09,6607.5,Yes
CUST1830,51,Female,13,Month-to-Month,No,No,No,Bank Transfer,149.87,1770.63,Yes
CUST1831,29,Female,31,One Year,No,Yes,Yes,Credit Card,61.36,3909.51,No
CUST1832,59,Female,35,Month-to-Month,DSL,No,Yes,Debit Card,39.35,3930.48,No
CUST1833,26,Female,60,Month-to-Month,Fiber Optic,No,No,UPI,123.11,7134.97,No
CUST1834,32,Female,6,One Year,Fiber Optic,No,No,UPI,98.06,2445.45,Yes
CUST1835,57,Male,69,Month-to-Month,Fiber Optic,No,No,Credit Card,33.05,7458.82,No
CUST1836,42,Male,58,Month-to-Month,DSL,No,Yes,Bank Transfer,143.08,3661.29,Yes
CUST1837,22,Male,49,One Year,Fiber Optic,No,No,Debit Card,30.15,5391.32,Yes
CUST1838,28,Female,23,Two Year,DSL,No,Yes,Debit Card,101.3,2224.18,Yes
CUST1839,51,Male,34,Month-to-Month,Fiber Optic,No,No,Bank Transfer,75.11,3341.36,No
CUST1840,41,Male,26,Month-to-Month,Fiber Optic,Yes,No,UPI,92.36,5707.43,Yes
CUST1841,32,Female,47,Two Year,DSL,Yes,No,UPI,47.72,4150.7,No
CUST1842,55,Female,5,Two Year,No,Yes,No,Debit Card,109.45,7452.59,No
CUST1843,25,Female,20,One Year,Fiber Optic,Yes,No,Debit Card,144.76,5923.29,No
CUST1844,22,Female,6,Month-to-Month,Fiber Optic,No,Yes,Bank Transfer,79.6,4558.78,Yes
CUST1845,65,Male,70,Two Year,Fiber Optic,No,No,UPI,87.98,7104.69,Yes
CUST1846,43,Female,59,Month-to-Month,DSL,Yes,Yes,Debit Card,51.18,5357.9,No
CUST1847,35,Female,64,One Year,Fiber Optic,Yes,Yes,UPI,135.94,5213.83,Yes
CUST1848,23,Male,18,Month-to-Month,DSL,Yes,No,Debit Card,146.25,2046.33,Yes
CUST1849,54,Male,4,One Year,Fiber Optic,No,No,Bank Transfer,122.22,3219.37,Yes
CUST1850,65,Female,17,Month-to-Month,Fiber Optic,No,No,UPI,90.56,5498.1,Yes
CUST1851,30,Male,14,Month-to-Month,DSL,Yes,Yes,Debit Card,144.38,7145.15,Yes
CUST1852,45,Female,13,Month-to-Month,No,Yes,Yes,Debit Card,40.0,2592.83,No
CUST1853,22,Female,7,Month-to-Month,DSL,Yes,Yes,Debit Card,82.2,1802.34,No
CUST1854,30,Male,44,One Year,No,Yes,No,Debit Card,89.89,4790.2,No
CUST1855,34,Male,15,Two Year,DSL,Yes,Yes,Bank Transfer,83.95,630.86,Yes
CUST1856,67,Female,19,Two Year,Fiber Optic,No,Yes,UPI,124.31,5744.88,No
CUST1857,57,Female,63,Month-to-Month,DSL,Yes,Yes,UPI,107.15,5654.79,No
CUST1858,62,Female,35,One Year,Fiber Optic,No,No,Credit Card,36.47,2904.23,Yes
CUST1859,49,Male,35,One Year,Fiber Optic,Yes,Yes,UPI,65.04,7152.15,Yes
CUST1860,46,Female,19,Month-to-Month,DSL,Yes,Yes,Credit Card,64.08,4067.23,No
CUST1861,68,Female,20,Month-to-Month,Fiber Optic,No,No,Debit Card,93.53,5201.54,No
CUST1862,20,Female,35,One Year,Fiber Optic,Yes,No,Bank Transfer,57.89,1755.67,No
CUST1863,57,Female,32,Two Year,Fiber Optic,No,No,Bank Transfer,35.25,3396.99,Yes
CUST1864,51,Female,48,One Year,No,No,Yes,Debit Card,104.98,6913.1,No
CUST1865,57,Male,44,Month-to-Month,Fiber Optic,Yes,Yes,Credit Card,130.63,1782.22,Yes
CUST1866,44,Female,24,Month-to-Month,DSL,Yes,Yes,Debit Card,141.11,3185.54,No
CUST1867,30,Female,61,Month-to-Month,DSL,No,No,Bank Transfer,146.44,2612.8,No
CUST1868,62,Female,17,One Year,Fiber Optic,No,Yes,Bank Transfer,121.55,1293.77,Yes
CUST1869,50,Female,71,One Year,Fiber Optic,Yes,No,UPI,38.16,2388.77,No
CUST1870,23,Male,50,Month-to-Month,Fiber Optic,No,No,Credit Card,130.9,1938.9,No
CUST1871,41,Male,65,Two Year,DSL,Yes,Yes,UPI,71.99,7396.39,No
CUST1872,36,Male,32,Month-to-Month,Fiber Optic,No,Yes,Bank Transfer,114.89,5954.52,No
CUST1873,33,Female,36,Two Year,No,Yes,Yes,Bank Transfer,89.06,2597.2,No
CUST1874,57,Female,13,Month-to-Month,DSL,No,No,UPI,127.72,6130.38,Yes
CUST1875,45,Male,70,Month-to-Month,Fiber Optic,No,No,UPI,75.32,274.91,Yes
CUST1876,50,Male,58,Month-to-Month,Fiber Optic,Yes,Yes,Bank Transfer,28.03,4259.55,No
CUST1877,65,Male,14,Month-to-Month,Fiber Optic,No,No,UPI,92.39,2077.64,Yes
CUST1878,58,Female,37,Month-to-Month,DSL,No,Yes,UPI,42.27,1003.14,Yes
CUST1879,30,Female,68,One Year,Fiber Optic,No,Yes,Credit Card,145.52,7081.69,No
CUST1880,60,Male,40,One Year,No,No,Yes,Bank Transfer,88.51,1674.79,Yes
CUST1881,62,Male,59,One Year,DSL,No,No,Debit Card,91.96,6596.89,Yes
CUST1882,42,Male,16,Month-to-Month,Fiber Optic,No,No,Credit Card,137.94,3364.46,Yes
CUST1883,70,Female,62,Month-to-Month,DSL,No,Yes,Debit Card,101.2,212.9,Yes
CUST1884,59,Female,4,Month-to-Month,Fiber Optic,Yes,Yes,UPI,59.35,5887.01,No
CUST1885,53,Female,45,One Year,Fiber Optic,No,No,UPI,58.49,4811.24,Yes
CUST1886,44,Male,28,Month-to-Month,Fiber Optic,No,Yes,Debit Card,85.21,2818.96,No
CUST1887,55,Male,66,Two Year,DSL,Yes,No,UPI,132.66,2324.21,Yes
CUST1888,24,Female,31,One Year,Fiber Optic,No,Yes,UPI,123.31,682.16,No
CUST1889,22,Male,3,Month-to-Month,Fiber Optic,No,No,Credit Card,145.16,7537.26,Yes
CUST1890,60,Female,8,Month-to-Month,Fiber Optic,Yes,Yes,Debit Card,29.35,4002.48,Yes
CUST1891,62,Male,24,Month-to-Month,Fiber Optic,No,No,Credit Card,54.88,775.64,Yes
CUST1892,68,Male,15,Month-to-Month,Fiber Optic,No,Yes,Debit Card,30.43,6962.57,No
CUST1893,48,Male,43,Two Year,No,Yes,No,Credit Card,117.64,2302.78,Yes
CUST1894,40,Male,31,Two Year,Fiber Optic,Yes,No,Bank Transfer,38.31,1708.46,Yes
CUST1895,59,Female,45,Month-to-Month,Fiber Optic,No,No,Bank Transfer,32.99,2319.41,Yes
CUST1896,27,Male,66,One Year,Fiber Optic,No,No,Debit Card,93.02,4560.11,Yes
CUST1897,49,Female,8,One Year,DSL,Yes,Yes,Bank Transfer,73.49,685.05,Yes
CUST1898,60,Female,71,One Year,DSL,No,No,Credit Card,112.96,3905.88,Yes
CUST1899,70,Female,57,Month-to-Month,Fiber Optic,Yes,No,Debit Card,83.31,7176.37,Yes
CUST1900,47,Male,30,Month-to-Month,Fiber Optic,Yes,Yes,Bank Transfer,75.29,1586.56,Yes
CUST1901,56,Female,18,Month-to-Month,No,Yes,No,Bank Transfer,75.32,2716.39,Yes
CUST1902,48,Female,69,Two Year,No,No,Yes,Debit Card,133.34,3229.36,No
CUST1903,35,Female,39,Month-to-Month,Fiber Optic,Yes,No,Bank Transfer,71.38,4731.14,No
CUST1904,53,Male,60,Month-to-Month,Fiber Optic,Yes,No,Bank Transfer,63.34,7362.11,No
CUST1905,19,Male,43,Two Year,Fiber Optic,Yes,No,Debit Card,64.01,3216.86,No
CUST1906,31,Female,45,One Year,DSL,No,No,Bank Transfer,45.56,646.31,No
CUST1907,30,Male,23,Two Year,Fiber Optic,No,No,Bank Transfer,131.89,2848.81,Yes
CUST1908,46,Female,69,Month-to-Month,Fiber Optic,No,No,Bank Transfer,39.06,1601.67,Yes
CUST1909,29,Female,6,Month-to-Month,Fiber Optic,Yes,Yes,Bank Transfer,138.12,5249.02,No
CUST1910,56,Male,56,Two Year,DSL,No,Yes,UPI,56.85,331.17,No
CUST1911,19,Female,4,Month-to-Month,DSL,No,No,Debit Card,136.93,2406.25,Yes
CUST1912,49,Male,23,Month-to-Month,DSL,Yes,No,UPI,122.81,4406.87,No
CUST1913,30,Male,6,Month-to-Month,Fiber Optic,Yes,Yes,UPI,95.66,2290.94,Yes
CUST1914,63,Female,32,Month-to-Month,DSL,No,Yes,Credit Card,107.03,4452.86,No
CUST1915,44,Male,18,Month-to-Month,Fiber Optic,No,No,UPI,62.36,1006.23,Yes
CUST1916,66,Male,15,Two Year,Fiber Optic,Yes,No,UPI,94.65,7548.16,No
CUST1917,58,Female,40,Two Year,Fiber Optic,No,No,Credit Card,58.01,2398.16,Yes
CUST1918,34,Female,6,Two Year,Fiber Optic,Yes,No,Bank Transfer,72.3,7391.71,No
CUST1919,57,Male,63,Month-to-Month,Fiber Optic,Yes,No,Bank Transfer,119.41,2674.1,Yes
CUST1920,48,Male,67,Month-to-Month,Fiber Optic,No,No,UPI,51.71,6276.54,Yes
CUST1921,51,Female,11,Month-to-Month,Fiber Optic,No,Yes,Credit Card,129.05,2044.88,Yes
CUST1922,41,Male,43,Two Year,Fiber Optic,No,No,Bank Transfer,68.86,5391.17,Yes
CUST1923,62,Male,17,Month-to-Month,Fiber Optic,No,No,Credit Card,89.18,2657.36,No
CUST1924,52,Male,4,One Year,Fiber Optic,Yes,Yes,Debit Card,142.45,4122.36,No
CUST1925,65,Male,63,One Year,DSL,No,Yes,Debit Card,108.56,5423.13,No
CUST1926,23,Male,68,Month-to-Month,Fiber Optic,No,Yes,Debit Card,103.93,4752.17,No
CUST1927,36,Male,41,Month-to-Month,No,No,Yes,Debit Card,112.51,4652.62,No
CUST1928,47,Male,5,Two Year,DSL,Yes,No,UPI,139.35,618.88,No
CUST1929,24,Female,32,Two Year,DSL,No,Yes,Debit Card,52.31,2067.71,Yes
CUST1930,27,Female,70,Month-to-Month,DSL,No,Yes,Debit Card,99.72,4617.53,No
CUST1931,58,Female,35,Month-to-Month,Fiber Optic,Yes,No,Credit Card,72.05,244.71,No
CUST1932,49,Female,22,Two Year,DSL,Yes,Yes,Bank Transfer,21.54,2080.09,Yes
CUST1933,51,Female,65,Month-to-Month,Fiber Optic,Yes,Yes,Credit Card,36.29,1910.56,No
CUST1934,45,Male,22,Month-to-Month,DSL,Yes,No,UPI,62.25,2073.86,No
CUST1935,32,Male,11,Month-to-Month,DSL,Yes,No,Debit Card,93.45,4331.32,Yes
CUST1936,47,Male,3,Month-to-Month,Fiber Optic,No,No,Bank Transfer,134.59,4697.49,Yes
CUST1937,54,Male,9,Month-to-Month,DSL,Yes,No,Bank Transfer,122.84,7281.08,Yes
CUST1938,46,Female,60,Month-to-Month,No,Yes,No,Debit Card,91.93,3149.65,Yes
CUST1939,39,Male,14,Month-to-Month,DSL,Yes,No,Debit Card,29.6,7419.97,No
CUST1940,21,Male,18,Month-to-Month,Fiber Optic,Yes,No,UPI,57.17,5250.44,Yes
CUST1941,37,Female,23,Two Year,DSL,Yes,Yes,UPI,67.67,7310.02,No
CUST1942,49,Male,47,Two Year,Fiber Optic,Yes,Yes,Debit Card,100.82,6684.43,No
CUST1943,53,Male,69,Two Year,No,Yes,No,Debit Card,28.44,5531.9,No
CUST1944,67,Female,47,One Year,No,Yes,Yes,Debit Card,88.93,2913.24,No
CUST1945,21,Male,30,Month-to-Month,DSL,No,No,Debit Card,137.19,2004.77,Yes
CUST1946,44,Male,25,Month-to-Month,Fiber Optic,No,Yes,Bank Transfer,111.71,1856.89,No
CUST1947,34,Male,28,Two Year,Fiber Optic,No,No,UPI,123.62,7622.17,No
CUST1948,29,Male,25,Month-to-Month,DSL,Yes,Yes,Debit Card,108.62,7672.73,Yes
CUST1949,39,Male,58,Month-to-Month,DSL,Yes,No,Debit Card,46.86,5826.17,No
CUST1950,34,Female,41,One Year,No,Yes,Yes,Bank Transfer,34.36,7081.99,No
CUST1951,27,Female,25,Month-to-Month,No,No,No,Credit Card,127.83,7360.07,Yes
CUST1952,18,Female,48,Month-to-Month,No,Yes,Yes,Debit Card,110.42,4141.29,Yes
CUST1953,39,Female,10,Two Year,Fiber Optic,Yes,Yes,Bank Transfer,94.76,5069.57,Yes
CUST1954,43,Female,11,Two Year,Fiber Optic,Yes,No,Bank Transfer,44.61,3408.16,Yes
CUST1955,35,Female,21,Month-to-Month,DSL,No,Yes,Credit Card,98.43,3406.08,Yes
CUST1956,67,Male,45,Two Year,DSL,No,Yes,UPI,24.07,403.59,Yes
CUST1957,31,Female,7,One Year,DSL,Yes,Yes,UPI,35.45,3527.19,Yes
CUST1958,64,Female,64,One Year,Fiber Optic,No,Yes,UPI,60.55,5420.57,Yes
CUST1959,46,Male,64,Month-to-Month,Fiber Optic,Yes,Yes,Debit Card,77.69,3433.66,Yes
CUST1960,29,Male,2,Month-to-Month,Fiber Optic,Yes,No,UPI,35.67,6992.04,Yes
CUST1961,53,Female,42,One Year,No,No,No,Debit Card,35.59,2727.25,Yes
CUST1962,52,Male,54,Two Year,No,No,Yes,Debit Card,114.37,1148.19,No
CUST1963,69,Female,16,One Year,No,No,No,Bank Transfer,94.06,6511.31,No
CUST1964,29,Male,18,Month-to-Month,DSL,No,Yes,UPI,89.39,5424.19,No
CUST1965,24,Female,59,Month-to-Month,Fiber Optic,Yes,No,UPI,78.82,2010.37,Yes
CUST1966,46,Male,16,Two Year,Fiber Optic,Yes,Yes,UPI,146.95,4337.96,Yes
CUST1967,28,Male,6,Month-to-Month,DSL,No,Yes,Debit Card,26.47,3274.63,Yes
CUST1968,50,Female,57,Month-to-Month,No,No,Yes,Debit Card,43.48,7516.99,No
CUST1969,23,Female,47,Month-to-Month,No,Yes,Yes,UPI,104.18,4897.92,No
CUST1970,64,Female,48,Month-to-Month,DSL,Yes,No,Debit Card,37.73,1351.28,No
CUST1971,32,Female,42,One Year,DSL,Yes,No,Debit Card,96.62,4066.97,No
CUST1972,49,Female,60,One Year,Fiber Optic,Yes,No,Credit Card,93.81,6914.2,No
CUST1973,68,Male,4,Month-to-Month,Fiber Optic,No,Yes,Credit Card,146.23,5404.82,Yes
CUST1974,28,Female,2,Month-to-Month,No,No,No,UPI,134.84,6755.37,Yes
CUST1975,40,Female,59,Two Year,DSL,No,No,UPI,142.92,2078.15,Yes
CUST1976,43,Male,27,Month-to-Month,DSL,Yes,Yes,Credit Card,34.77,7117.98,No
CUST1977,51,Male,27,Month-to-Month,DSL,Yes,Yes,Debit Card,132.86,6069.33,No
CUST1978,63,Female,72,Two Year,DSL,No,Yes,Debit Card,36.78,5858.42,No
CUST1979,51,Male,7,Month-to-Month,DSL,No,No,Bank Transfer,102.28,2837.67,Yes
CUST1980,46,Male,63,Two Year,No,No,No,UPI,113.61,7112.5,No
CUST1981,21,Female,46,Month-to-Month,Fiber Optic,Yes,Yes,UPI,40.91,5140.04,Yes
CUST1982,34,Male,63,One Year,Fiber Optic,No,No,UPI,102.25,6829.53,No
CUST1983,52,Male,12,Month-to-Month,DSL,Yes,Yes,Bank Transfer,26.82,2951.67,No
CUST1984,30,Female,13,Two Year,DSL,No,No,Bank Transfer,58.12,1250.65,No
CUST1985,58,Female,43,Month-to-Month,Fiber Optic,No,Yes,Debit Card,139.75,2725.46,No
CUST1986,56,Male,17,Month-to-Month,Fiber Optic,No,No,Credit Card,42.33,3696.59,Yes
CUST1987,32,Male,63,Two Year,Fiber Optic,Yes,No,Credit Card,28.49,4313.92,No
CUST1988,46,Female,36,Month-to-Month,Fiber Optic,Yes,No,Credit Card,77.68,4135.39,Yes
CUST1989,46,Male,8,Month-to-Month,DSL,Yes,Yes,Debit Card,130.58,4413.83,Yes
CUST1990,28,Male,69,Month-to-Month,Fiber Optic,Yes,Yes,Credit Card,29.97,6749.48,Yes
CUST1991,69,Male,36,One Year,DSL,Yes,Yes,Bank Transfer,66.22,1443.8,No
CUST1992,49,Female,28,Month-to-Month,Fiber Optic,Yes,No,Bank Transfer,136.97,2596.81,Yes
CUST1993,19,Male,47,Month-to-Month,DSL,No,Yes,UPI,35.36,7120.01,No
CUST1994,64,Male,30,One Year,Fiber Optic,Yes,No,Credit Card,60.39,4527.62,No
CUST1995,31,Female,23,Month-to-Month,DSL,No,Yes,Bank Transfer,121.19,4708.78,Yes
CUST1996,37,Male,16,Two Year,Fiber Optic,Yes,Yes,UPI,90.62,3876.69,Yes
CUST1997,39,Male,14,Two Year,No,No,No,Credit Card,128.2,4436.9,No
CUST1998,28,Female,71,One Year,Fiber Optic,No,No,Credit Card,34.51,1664.83,No
CUST1999,44,Female,52,Two Year,Fiber Optic,Yes,Yes,Bank Transfer,139.67,4420.25,No
CUST2000,20,Female,37,One Year,No,No,Yes,UPI,141.54,7977.67,Yes
